Order_ID,Latitude_c,Longitude_c ,Eco_c,Soil_pH,Soil_salinity,Clay_silt_c,Soil_carbon_service,OM_decomposition_service,Water_regulation_service,Soil_stability_service,Nutrient_service,Pathogen_control,Richness_bacteria,Fungi_18s_richness,Invertebrate_18s_richness,Protist_18s_richness,Ectomycorrhizal_18s_richness,Arbuscular_mycorrhizal_18s_richness,Decomposers_18s_richness,Diss_Bacteria_std,Diss_Fungi_std,Diss_Protists_std,Diss_invert_std
6,42.27527778,127.4425,Forest,4.47,444,75.52,0.327764356,0.206640334,0.564750955,0.737637638,0.244527934,0.987179487,3153.0000,195.0000,22.0000,280.0000,12.0000,1.0000,42.0000,0.7104,0.6038,0.4688,0.6768
9,42.84055556,129.4636111,Grassland,6.15,384,67.26,0.218415621,0.159708595,0.432170812,0.317717718,0.230971031,0.997668998,4186.0000,229.0000,52.0000,565.0000,12.0000,2.0000,42.0000,0.3572,0.5718,0.2460,0.2014
12,43.33888889,128.2375,Forest,4.81,99,69.94,0.1290905,0.077315048,0.453945004,0.478378378,0.17930737,0.995337995,3317.0000,163.0000,22.0000,187.0000,16.0000,1.0000,38.0000,0.5830,0.6771,0.5554,0.6616
15,43.87777778,126.6066667,Grassland,5.83,385,83.56,0.260597075,0.457679995,0.611816791,0.294494494,0.257515371,0.993006993,4053.0000,260.0000,25.0000,535.0000,14.0000,2.0000,64.0000,0.3953,0.5092,0.2292,0.4535
41,-18.4578,-69.79670556,Grassland,5.44,77,47.56,0.008673436,0.105648803,0.546498891,0.075753531,0.094197371,0.961538462,2585.0000,154.0000,4.0000,161.0000,2.0000,1.0000,25.0000,0.5450,0.4687,0.6487,0.9710
44,-28.383275,-70.69310278,Grassland,5.77,163,16.46,0.046951848,0.176241831,1,0.082604827,0.094515012,0.979020979,3472.0000,210.0000,32.0000,365.0000,4.0000,6.0000,40.0000,0.3593,0.3880,0.3040,0.4318
47,-32.89728333,-71.16475556,Shrubland,5.26,453,38.1,0.083133103,0.161368907,0.971757874,0.619508397,0.531762753,0.918414918,3981.0000,242.0000,36.0000,444.0000,4.0000,1.0000,36.0000,0.1435,0.2413,0.1260,0.3789
56,-28.50475,-70.76084444,Shrubland,5.89,196,19.14,0.036807646,0.190811333,0.341002321,0.040929819,0.102263305,0.967365967,3892.0000,227.0000,31.0000,405.0000,4.0000,0.0000,45.0000,0.2714,0.2456,0.2180,0.3654
59,-32.87365278,-71.183325,Grassland,6.48,252,70.28,0.078184131,0.381551447,0.447610776,0.854220888,0.392330739,0.932400932,4472.0000,334.0000,54.0000,438.0000,9.0000,5.0000,74.0000,0.1081,0.1662,0.1277,0.3852
65,-19.2688889,-43.585,Grassland,5.09,47,21.92,0.019381118,0.10695173,0.437925027,0.894894895,0.017089367,0.994172494,3417.0000,239.0000,83.0000,556.0000,8.0000,5.0000,53.0000,0.8109,0.5680,0.4197,0.5532
68,-19.2652778,-43.58361111,Grassland,5.05,52,28.36,0.022043607,0.157604189,0.337126971,0.834834835,0.02562362,0.98018648,3698.0000,348.0000,42.0000,361.0000,8.0000,5.0000,54.0000,0.6771,0.6011,0.5181,0.4890
71,-19.2944444,-43.60583333,Shrubland,4.36,60,24.68,0.053698763,0.196308697,0.392641164,0.92992993,0.039452768,0.983682984,3149.0000,322.0000,46.0000,249.0000,2.0000,8.0000,65.0000,0.8133,0.4911,0.6068,0.4724
83,40.242019,-105.2118,Forest,6.32,90,22.16,0.072374582,0.216931568,0.206361468,0.309309309,0.169543357,0.917249417,4745.0000,267.0000,71.0000,643.0000,4.0000,4.0000,54.0000,0.1425,0.2871,0.1126,0.2043
86,39.190366,-109.115161,Shrubland,8.74,917,25.04,0.047632365,0.222148482,0.38122655,0.499499499,0.551936355,0.916083916,2965.0000,209.0000,26.0000,353.0000,5.0000,1.0000,38.0000,0.2435,0.2520,0.1726,0.5824
89,41.315937,-104.82723,Grassland,7.25,74,27.46,0.044123864,0.207406038,0.356993061,0.817817818,0.144192083,0.862470862,3958.0000,266.0000,48.0000,410.0000,3.0000,2.0000,53.0000,0.0974,0.2501,0.1550,0.4588
101,39.8291,-104.812,Forest,7.98,302,31.54,0.185079121,0.72904601,0.269972337,0.74974975,0.510502318,0.948717949,3744.0000,253.0000,66.0000,391.0000,7.0000,4.0000,49.0000,0.3954,0.4018,0.2435,0.2356
104,42.44511,-83.44231,Forest,7.98,140,57.58,0.077379161,0.260358964,0.242268345,0.998898899,0.139486414,0.990675991,3817.0000,220.0000,55.0000,468.0000,7.0000,1.0000,36.0000,0.4406,0.6035,0.2816,0.3807
109,51.76,-1.29845,Forest,7.19,194,54.02,0.210545986,0.393403694,0.356047343,0.84984985,0.272329456,0.968531469,3140.0000,159.0000,41.0000,197.0000,8.0000,4.0000,45.0000,0.4893,0.5956,0.6693,0.6214
116,67.301801,14.390105,Shrubland,4.85,110,15.44,0.215536443,0.253134044,0.264726332,0.356022689,0.229007901,0.975524476,1476.0000,152.0000,19.0000,61.0000,3.0000,3.0000,37.0000,0.9644,0.8481,0.9839,0.4778
125,59.85207,17.597665,Forest,5.21,112,63.28,0.286509675,0.318859995,0.552738036,0.65632299,0.225280184,0.98951049,2963.0000,215.0000,36.0000,208.0000,11.0000,1.0000,48.0000,0.6326,0.5751,0.5955,0.5688
131,46.50694444,0.371666667,Forest,5.21,66,54.52,0.078909662,0.133394966,0.48253389,0.862362362,0.123968815,1,2703.0000,204.0000,34.0000,206.0000,16.0000,1.0000,43.0000,0.6187,0.5983,0.6343,0.4129
143,47.33555556,0.751388889,Forest,4.57,74,62.82,0.196890634,0.092063717,0.196574671,0.474474474,0.221747184,0.993006993,2714.0000,168.0000,33.0000,269.0000,8.0000,1.0000,41.0000,0.6375,0.6974,0.4315,0.4456
146,46.052184,14.478296,Forest,4.06,110,72.36,0.248175657,0.591828215,0.333778294,0.332665999,0.333768449,1,1994.0000,179.0000,54.0000,142.0000,16.0000,2.0000,46.0000,0.8837,0.8039,0.7589,0.4894
149,45.526132,13.717189,Forest,7.53,306,75.06,0.273031734,0.241606563,0.469858511,0.6329663,0.13286317,0.981351981,3868.0000,236.0000,63.0000,303.0000,11.0000,3.0000,49.0000,0.2914,0.4518,0.3020,0.3081
152,46.580933,15.636299,Forest,4.64,83,60.42,0.139964206,0.156406599,0.52648263,0.332632633,0.257077298,0.991841492,3019.0000,185.0000,40.0000,175.0000,21.0000,2.0000,35.0000,0.6807,0.7299,0.6361,0.3760
164,-25.78791,28.20304,Grassland,6.08,139,60.86,0.096785808,0.196409427,0.496335982,0.804491992,0.159728108,0.94988345,4387.0000,317.0000,70.0000,500.0000,5.0000,5.0000,57.0000,0.1383,0.3228,0.1070,0.2417
167,-26.48338,28.21157,Grassland,5.57,274,53.76,0.19205155,0.228162427,0.487540134,0.593089024,0.191524042,0.966200466,4932.0000,348.0000,53.0000,462.0000,8.0000,7.0000,71.0000,0.1974,0.2840,0.1739,0.2857
170,-33.33378,18.27285,Grassland,8.05,452,36.12,0.012493069,0.020487392,0.266186002,0.852124852,0.092433303,0.98951049,2708.0000,144.0000,26.0000,525.0000,7.0000,3.0000,38.0000,0.5840,0.7091,0.3668,0.6354
185,23.59841667,87.42919444,Forest,5.95,48,42.78,0.025903488,0.107233621,0.216898661,0.789262947,0.17475843,0.959207459,4277.0000,251.0000,29.0000,542.0000,13.0000,1.0000,52.0000,0.5140,0.5323,0.3622,0.4919
195,27.250581,77.87598,Grassland,8.48,75,57.26,0.020355819,0.065621755,0.483594535,0.834960408,0.090469855,0.927738928,4997.0000,220.0000,40.0000,485.0000,6.0000,4.0000,41.0000,0.3865,0.4735,0.3461,0.5091
200,40.07264,116.182007,Forest,8.17,235,70.18,0.049734818,0.123236387,0.637822963,0.948948949,0.194213392,0.806526807,4523.0000,204.0000,30.0000,594.0000,2.0000,0.0000,37.0000,0.2256,0.3485,0.0790,0.4575
206,39.075328,117.147798,Forest,8.34,148,67.08,0.049925469,0.095473994,0.50932479,0.74974975,0.093494724,0.891608392,4590.0000,223.0000,59.0000,506.0000,5.0000,2.0000,46.0000,0.2998,0.3509,0.2114,0.3089
215,36.20803,117.110235,Forest,5.35,245,39.52,0.125670704,0.085175623,0.332703595,0.848848849,0.177025597,0.991841492,3907.0000,246.0000,36.0000,456.0000,6.0000,4.0000,47.0000,0.3555,0.3771,0.2720,0.4529
218,44.62965,88.26841667,Shrubland,8.76,84,33.34,0.003563999,0.051805658,0.159821404,0.223890557,0.048333212,0.916083916,4127.0000,152.0000,26.0000,381.0000,5.0000,1.0000,37.0000,0.2872,0.3696,0.1676,0.6596
221,45.117241,86.022085,Shrubland,9.54,361,40.64,0.010654085,0.019208011,0.64118951,0.377154933,0.083980049,0.804195804,3714.0000,115.0000,9.0000,273.0000,3.0000,3.0000,23.0000,0.3400,0.5217,0.3235,0.8402
224,43.834214,88.045233,Grassland,6.89,687,73.32,0.568275436,0.484501917,0,0.785340896,0.347678426,0.998834499,1701.0000,111.0000,7.0000,149.0000,3.0000,3.0000,28.0000,0.7047,0.6783,0.6829,0.8580
227,44.268534,88.150298,Shrubland,8.44,3810,78.08,0.032798686,0.115973777,0.655189003,0.609053498,0.119319293,0.613053613,2613.0000,152.0000,26.0000,200.0000,2.0000,3.0000,33.0000,0.5396,0.4332,0.4970,0.6478
230,44.698902,86.236809,Shrubland,8.52,2320,38.76,0.005539616,0.02630871,0.642534415,0.25358692,0.05982205,0.903263403,3694.0000,152.0000,15.0000,399.0000,5.0000,0.0000,34.0000,0.3385,0.3192,0.2537,0.7250
236,-23.825451,133.354729,Grassland,6.19,71,31.7,0.034993817,0.072752872,0.478404477,0.674341008,0.023936649,0.997668998,3901.0000,158.0000,34.0000,388.0000,1.0000,5.0000,29.0000,0.3685,0.6737,0.2534,0.5594
242,-34.1802,142.1729,Forest,6.74,502,47.06,0.182684513,0.363516828,0.386656175,0.399399399,0.266559665,0.907925408,4334.0000,262.0000,40.0000,514.0000,4.0000,0.0000,53.0000,0.1656,0.1848,0.1318,0.3854
245,-33.8812,150.8546,Forest,6.68,193,57.94,0.217163152,0.387912901,0.54884671,0.329329329,0.187729953,0.990675991,3981.0000,250.0000,56.0000,411.0000,9.0000,1.0000,46.0000,0.2017,0.4348,0.1984,0.3038
248,-34.0721,151.0012,Forest,4.44,110,11.5,0.09982033,0.295661221,0.241212598,0.54954955,0.085549347,0.98951049,1641.0000,161.0000,34.0000,100.0000,8.0000,8.0000,34.0000,0.8093,0.6927,0.7755,0.5184
266,41.476763,2.147501,Forest,6.52,384,47.08,0.169434294,0.249214708,0.104841913,0.859081304,0.481014568,0.968531469,4568.0000,294.0000,83.0000,623.0000,9.0000,2.0000,51.0000,0.2036,0.4562,0.2325,0.2843
272,46.725463,-116.923073,Forest,6.25,195,76.44,0.066858953,0.282911863,0.32932399,0.94994995,0.39050025,0.947552448,3238.0000,222.0000,33.0000,210.0000,4.0000,2.0000,50.0000,0.2730,0.2570,0.5488,0.5060
278,44.496464,-123.338215,Forest,5.37,226,62.92,0.210352688,0.185206332,0.198562273,0.910910911,0.379217629,0.997668998,3150.0000,244.0000,50.0000,275.0000,4.0000,3.0000,55.0000,0.5992,0.5376,0.5640,0.3466
284,19.603005,-99.47801995,Forest,6.2,267,70.86,0.660793955,0.241847114,0.425733885,0.547992437,0.652429144,1,3731.0000,168.0000,24.0000,404.0000,3.0000,1.0000,44.0000,0.4393,0.6585,0.4315,0.5509
287,19.601338,-99.47591717,Forest,7.49,129,60.36,0.528556552,0.141363729,0.236803508,0.536758981,0.198845873,0.996503497,3551.0000,196.0000,20.0000,411.0000,6.0000,5.0000,42.0000,0.4418,0.7035,0.4427,0.6342
290,19.081,-99.1701,Forest,4.98,141,52.8,0.35146329,0.196318552,0.347437827,0.55955956,0.529001479,0.990675991,2703.0000,127.0000,35.0000,214.0000,4.0000,0.0000,29.0000,0.6831,0.6982,0.6837,0.6450
302,40.57222,-4.15333,Forest,6.47,386,32.54,0.097699342,0.157874568,0.469845649,0.698698699,0.633968394,0.977855478,3960.0000,205.0000,45.0000,539.0000,8.0000,1.0000,43.0000,0.1365,0.4718,0.1057,0.2614
318,58.61782,-93.80862,Shrubland,4.74,88,13.44,0.087753734,0.156760736,0.23764863,0.541319097,0.463416926,0.998834499,1388.0000,87.0000,11.0000,96.0000,4.0000,0.0000,23.0000,1.0000,0.9951,0.7804,0.6024
326,7.757,4.828,Forest,5.72,112,25.92,0.037511994,0.106269512,0.30104379,0.528317977,0.131344169,0.184149184,3906.0000,193.0000,26.0000,454.0000,1.0000,3.0000,45.0000,0.5355,0.6880,0.4873,0.5897
338,7.616,4.414,Forest,5.82,166,24.76,0.06170609,0.173700108,0.28378743,0.449449449,0.160263292,0.988344988,4027.0000,164.0000,58.0000,533.0000,6.0000,2.0000,48.0000,0.5466,0.5547,0.3807,0.3944
341,7.615,4.385,Forest,6,72,37.14,0.045744394,0.218511468,0.406480248,0.171393616,0.058428203,0.972027972,4318.0000,215.0000,49.0000,564.0000,4.0000,3.0000,41.0000,0.4167,0.6812,0.3496,0.4895
344,28.296,-81.0404,Forest,6.73,61,6.08,0.017689888,0.089619672,0.117642181,0.860404622,0.054169259,0.974358974,4332.0000,183.0000,44.0000,420.0000,2.0000,1.0000,38.0000,0.4798,0.3884,0.3710,0.4325
350,27.4712,-81.5303,Forest,6.97,75,13.3,0.030950434,0.046382458,0.274446556,0.84194721,0.053844434,0.988344988,3505.0000,169.0000,21.0000,403.0000,6.0000,1.0000,48.0000,0.3745,0.4735,0.4324,0.6925
356,26.9093,-82.0678,Forest,7.54,87,7.86,0.014084207,0.082744992,0.283657008,0.518518519,0.068927787,0.953379953,3849.0000,167.0000,23.0000,381.0000,2.0000,1.0000,27.0000,0.3931,0.5024,0.4132,0.6073
362,37.201074,-5.844497,Forest,5.64,91,15.48,0.026676682,0.114071791,0.431156087,0.942164387,0.077108217,0.984848485,3911.0000,183.0000,45.0000,340.0000,5.0000,2.0000,31.0000,0.3716,0.5682,0.3829,0.3531
368,40.095551,-8.493462,Forest,6.04,79,66.86,0.162795944,0.21969956,0.361863898,0.878393271,0.177673797,0.983682984,2336.0000,175.0000,42.0000,233.0000,11.0000,0.0000,33.0000,0.4909,0.5591,0.5405,0.4871
374,41.15715,-8.48495,Forest,3.97,391,39.6,0.826805649,0.669170528,0.014741093,0.780911289,0.618203919,0.998834499,2195.0000,129.0000,48.0000,303.0000,11.0000,0.0000,39.0000,0.9138,0.7356,0.6178,0.5208
379,31.751981,35.129151,Shrubland,7.93,144,63.18,0.043435403,0.166401623,0.5369749,0.793682571,0.360944637,0.934731935,4337.0000,142.0000,34.0000,138.0000,9.0000,3.0000,18.0000,0.1573,0.5106,0.6055,0.4134
385,31.24933,34.741503,Moss_heath,8.02,163,53.16,0.026388058,0.168217764,0.400499833,0,0.140072157,0.354312354,3887.0000,185.0000,35.0000,306.0000,9.0000,10.0000,29.0000,0.1651,0.3697,0.1684,0.5703
391,31.27107,34.650329,Shrubland,8.19,144,29.5,0.016243856,0.115599025,0.401122058,0.115782449,0.081332921,0.631701632,3785.0000,207.0000,15.0000,356.0000,7.0000,17.0000,31.0000,0.1759,0.2559,0.2107,0.8273
408,35.144,-111.273,Forest,7.16,105.1,26.53555556,0.02705989,0.098736283,0.480526969,0.679913247,0.053595359,0.954545455,4652.0000,216.0000,33.0000,267.0000,6.0000,4.0000,40.0000,0.1415,0.2235,0.2648,0.4250
415,35.385,-112.136,Forest,7.39,414,71.05888889,0.117608777,0.172072166,0.623789681,0.617150484,0.046860071,0.982517483,3679.0000,106.0000,9.0000,82.0000,7.0000,0.0000,21.0000,0.2145,0.6681,0.8351,0.8443
421,39.954,-105.245,Grassland,6.1,152.2,30.33777778,0.05618114,0.059514697,0.406993235,0.96996997,0.025910014,0.98951049,3860.0000,229.0000,25.0000,484.0000,5.0000,6.0000,43.0000,0.1213,0.3322,0.1381,0.3859
428,39.958,-105.243,Grassland,5.93,145.5,32.97333333,0.088487527,0.091512369,0.444580736,0.874541208,0.035321865,0.948717949,4065.0000,202.0000,21.0000,575.0000,4.0000,2.0000,28.0000,0.1136,0.2139,0.2328,0.5552
432,39.959,-105.248,Grassland,5.7,299,33.28,0.110783484,0.199197767,0.475391793,0.96329663,0.039194165,0.975524476,3722.0000,182.0000,23.0000,609.0000,2.0000,2.0000,38.0000,0.1687,0.4899,0.2872,0.6820
436,39.94,-105.231,Grassland,5.97,229,40.84,0.086212429,0.107592132,0.432109593,0.973139806,0.018375907,0.939393939,4135.0000,199.0000,22.0000,366.0000,1.0000,2.0000,44.0000,0.1021,0.2543,0.1751,0.3330
449,39.868,-105.243,Grassland,5.92,270,36.17222222,0.108963406,0.063594491,0.146069089,0.885218552,0.014791497,0.955710956,4087.0000,179.0000,38.0000,611.0000,0.0000,3.0000,34.0000,0.0910,0.4053,0.1996,0.4080
459,-38.737,-71.656,Forest,6.02,183.9,12.68222222,0.180856491,0.160914098,0.569391628,0.997290298,0.033747032,0.990675991,3567.0000,145.0000,5.0000,279.0000,3.0000,1.0000,31.0000,0.4607,0.6193,0.5935,1.0000
463,-38.652,-71.645,Forest,5.66,104.33,7.7,0.261394948,0.264210907,0.721780779,0.882146584,0.034120713,0.968531469,3521.0000,176.0000,25.0000,305.0000,7.0000,1.0000,41.0000,0.5954,0.6630,0.4979,0.6490
467,-38.65,-71.657,Forest,5.94,30.7,6.486666667,0.0147702,0.03499605,0.247976847,0.888321912,0.00380977,0.987179487,3286.0000,218.0000,25.0000,422.0000,13.0000,3.0000,49.0000,0.5970,0.6217,0.5115,0.7829
470,-38.758,-71.643,Shrubland,5.97,40.2,7.672222222,0.048645181,0.043491807,0.413670208,0.627627628,0.003386528,0.991841492,3525.0000,129.0000,15.0000,234.0000,3.0000,0.0000,32.0000,0.4543,0.6916,0.5673,0.5834
477,-38.686,-71.614,Forest,5.79,123.2,4.916666667,0.119428855,0.085849846,0.457213518,0.936704486,0.030000663,0.928904429,3492.0000,146.0000,9.0000,277.0000,8.0000,1.0000,30.0000,0.5442,0.7650,0.5411,0.8590
490,63.974,-19.856,Moss_heath,6.07,79.8,21.61444444,0.072450191,0.066005471,0.547358862,0.172772773,0.036146877,0.94988345,3510.0000,212.0000,30.0000,358.0000,16.0000,4.0000,46.0000,0.5850,0.6830,0.4759,0.3986
496,63.906,-19.968,Moss_heath,6.39,78.1,28.79777778,0.081662234,0.186909205,0.54149009,0.064998332,0.018601338,0.997668998,3445.0000,208.0000,26.0000,387.0000,7.0000,3.0000,44.0000,0.6019,0.7832,0.4060,0.6752
501,63.981,-19.864,Shrubland,6.49,50.3,23,0.058001218,0.035360725,0.465593926,0.44307641,0.015870789,0.997668998,3813.0000,218.0000,25.0000,414.0000,17.0000,6.0000,52.0000,0.5798,0.7897,0.3951,0.5581
512,28.608193,-17.837685,Forest,6.71,28.8,17.42333333,0.030700046,0.114147179,0.466265354,0.23954955,0.006814765,0.834498834,3485.0000,202.0000,18.0000,243.0000,4.0000,5.0000,37.0000,0.4507,0.5160,0.4706,0.5020
518,28.557715,-17.80905,Forest,6.81,137.8,14.12555556,0.102138113,0.226861548,0.519780604,0.904104104,0.022713659,0.948717949,4790.0000,254.0000,55.0000,470.0000,5.0000,4.0000,54.0000,0.1926,0.2099,0.2206,0.2752
522,28.767865,-17.905426,Forest,5.97,128.5,23.93333333,0.169025984,0.280317756,0.527303077,0.364818151,0.079621734,0.796037296,3686.0000,236.0000,24.0000,281.0000,3.0000,1.0000,46.0000,0.2987,0.4901,0.3781,0.5436
525,28.697643,-17.852096,Forest,6.35,134,29.60666667,0.200548393,0.364461722,0.593177565,0.753753754,0.31582939,0.996503497,4255.0000,194.0000,46.0000,321.0000,7.0000,3.0000,35.0000,0.2096,0.6292,0.3680,0.4787
532,28.698164,-17.862893,Forest,7.12,118,44.32222222,0.045260671,0.270125627,0.401945096,0.61664331,0.043963629,0.98951049,3602.0000,213.0000,27.0000,175.0000,15.0000,3.0000,44.0000,0.2023,0.5292,0.4706,0.2981
547,-20.448,-68.094,Shrubland,8.1,439,17.23,0.021599656,0.055526783,0.416853271,0.077077077,0.007225548,0.627039627,3824.0000,144.0000,24.0000,351.0000,4.0000,4.0000,26.0000,0.2586,0.3998,0.2148,0.6561
567,-20.151,-67.811,Shrubland,8.31,540,29.32,0.060006111,0.142420282,0.331979874,0.317317317,0.024397773,0.962703963,3534.0000,154.0000,34.0000,290.0000,5.0000,8.0000,26.0000,0.3271,0.4339,0.4058,0.5132
572,-20.15,-67.809,Shrubland,7.38,91.975,21.68555556,0.011134206,0.027293518,0.410947197,0.27957958,0.007335333,0.607226107,2786.0000,114.0000,20.0000,125.0000,5.0000,2.0000,22.0000,0.4342,0.7735,0.6747,0.6423
575,46.823,11.045,Grassland,7.76,183.2,20.76777778,0.033430163,0.042029001,0.197259211,0.200867534,0.006121516,0.997668998,3082.0000,117.0000,21.0000,276.0000,1.0000,2.0000,17.0000,0.7328,1.0000,0.5450,0.7380
582,46.831,11.04,Grassland,6.76,145.4,21.91111111,0.132352182,0.092551956,0.699785315,0.507173841,0.047090042,0.977855478,3896.0000,178.0000,19.0000,342.0000,4.0000,1.0000,36.0000,0.4562,0.5315,0.4379,0.4403
587,46.834,11.039,Grassland,7.19,100.8,27.26888889,0.058911257,0.124345109,0.542857812,0.44044044,0.01378727,0.966200466,3900.0000,220.0000,20.0000,404.0000,4.0000,4.0000,44.0000,0.3980,0.5979,0.3201,0.5678
594,46.841,11.032,Grassland,5.87,101.2,14.73333333,0.152645281,0.354596878,0.683621322,0.80647314,0.009435669,0.996503497,2701.0000,162.0000,14.0000,548.0000,3.0000,3.0000,42.0000,0.6201,0.8412,0.4289,0.7711
595,47.764,11.721,Forest,5.19,188.9,59.21555556,0.130804343,0.289009725,0.611455311,0.325992659,0.023364077,0.996503497,3080.0000,224.0000,31.0000,489.0000,11.0000,6.0000,51.0000,0.5624,0.5984,0.4017,0.5430
604,32.514,-106.8,Grassland,7.35,63.3,20.89444444,0.014774363,0.04427611,0.354248883,0.431498165,0.004063392,0.907925408,3928.0000,187.0000,14.0000,384.0000,2.0000,3.0000,39.0000,0.2039,0.3104,0.1274,0.8514
609,32.52,-106.797,Grassland,8.34,125.7,12.97222222,0.013864324,0.018432465,0.362691461,0.494527861,0.007639509,0.789044289,4611.0000,247.0000,22.0000,469.0000,2.0000,2.0000,50.0000,0.1725,0.1515,0.0518,0.5687
611,32.524,-106.795,Grassland,8.18,167.3,21.10333333,0.01704946,0.057433501,0.173983061,0.327260594,0.020684957,0.831002331,4196.0000,216.0000,24.0000,281.0000,5.0000,0.0000,46.0000,0.1505,0.1255,0.2238,0.7605
617,32.527,-106.794,Grassland,8.17,210,20.47111111,0.022509695,0.060015244,0.260597195,0.477644311,0.030187665,0.629370629,4067.0000,212.0000,17.0000,279.0000,2.0000,2.0000,48.0000,0.1515,0.2346,0.2481,0.5560
634,-30.241,115.064,Shrubland,8.16,182.3,5.747777778,0.036160281,0.107546947,0.322368516,0.81981982,0.0116746,0.954545455,4018.0000,171.0000,12.0000,459.0000,10.0000,2.0000,32.0000,0.1966,0.3452,0.2420,0.8252
637,-30.229,115.068,Shrubland,6.56,71.3,3.142222222,0.025694831,0.021306046,0.27550537,0.897230564,0.004441623,0.998834499,2909.0000,120.0000,2.0000,136.0000,3.0000,3.0000,25.0000,0.3681,0.5159,0.6798,0.9698
648,-30.181,115.129,Shrubland,5.54,53.4,2.912222222,0.051175925,0.026609946,0.400365998,0.83983984,0.006742233,0.986013986,2306.0000,142.0000,10.0000,135.0000,5.0000,0.0000,20.0000,0.6154,0.6745,0.7621,0.8924
652,-25.912,153.097,Forest,6.47,25.3,5.518888889,0.029334988,0.090666099,0.328349193,0.80647314,0.003356296,0.96037296,4158.0000,233.0000,54.0000,385.0000,16.0000,8.0000,44.0000,0.4094,0.5817,0.2917,0.5017
655,-26.072,153.099,Forest,4.76,19.68,0.735555556,0.044920968,0.189641391,0.235269462,0.88655322,0.004445735,0.997668998,1922.0000,160.0000,34.0000,123.0000,13.0000,2.0000,45.0000,0.9291,0.6503,0.8440,0.6844
663,-26.018,153.081,Forest,4.28,47.2,1.951111111,0.063461453,0.125345936,0.441049525,0.88655322,0.001935412,0.995337995,1901.0000,167.0000,33.0000,125.0000,10.0000,3.0000,47.0000,0.8610,0.6868,0.8301,0.5646
669,-26.034,153.087,Forest,4.32,27.2,0.66,0.025694831,0.083441027,0.38350571,0.90657324,0.001149391,0.996503497,2335.0000,208.0000,42.0000,177.0000,10.0000,4.0000,50.0000,0.8526,0.6955,0.7759,0.6057
672,-25.913,153.082,Forest,4.8,17.1,0.624444444,0.009769148,0.052252926,0.327230147,0.69636303,0.001179623,0.98951049,1143.0000,101.0000,31.0000,72.0000,4.0000,1.0000,32.0000,0.9779,0.7863,0.9191,0.6901
679,-26.033,153.081,Forest,4.32,62.5,0.49,0.06619157,0.153334356,0.211682466,0.75308642,0.00535158,0.997668998,2109.0000,181.0000,72.0000,186.0000,9.0000,0.0000,47.0000,0.8933,0.6864,0.7304,0.5022
680,19.057,-98.567,Forest,5.57,42.6,13.73333333,0.054361062,0.095586095,0.444680206,0.641041041,0.052770431,0.982517483,4106.0000,278.0000,27.0000,230.0000,19.0000,8.0000,47.0000,0.4457,0.5663,0.5258,0.5818
686,19.082,-99.147,Forest,4.77,87,40.09444444,0.361954265,0.206126086,0.732647956,0.66966967,0.209145808,0.990675991,1033.0000,186.0000,18.0000,53.0000,10.0000,7.0000,51.0000,0.9592,0.7206,0.9969,0.8392
690,19.086,-99.179,Forest,5.74,67.9,28.37777778,0.118518816,0.25219701,0.621850002,0.710043377,0.05430882,0.991841492,4563.0000,267.0000,45.0000,388.0000,7.0000,5.0000,67.0000,0.4802,0.6572,0.4227,0.5901
695,19.095,-99.064,Forest,6.24,84.8,43.93666667,0.129439284,0.269005203,0.729278385,0.756089423,0.273685246,0.944055944,4291.0000,277.0000,42.0000,388.0000,11.0000,4.0000,64.0000,0.3791,0.5681,0.3795,0.4997
701,19.135,-99.092,Forest,5.95,84.5,35.90777778,0.204517507,0.334500242,0.733518325,0.797464131,0.060131503,0.963869464,4234.0000,245.0000,15.0000,454.0000,15.0000,1.0000,49.0000,0.3085,0.6247,0.3673,0.6252
705,19.126,-99.229,Forest,5.64,63.5,33.26444444,0.265945144,0.164153698,0.661650726,0.833833834,0.062707345,0.995337995,3906.0000,178.0000,17.0000,189.0000,13.0000,2.0000,41.0000,0.4893,0.6590,0.6552,0.7366
710,19.151,-99.266,Forest,5.59,73.2,34.41777778,0.197692214,0.135903235,0.709309637,0.740878792,0.109159196,0.981351981,4100.0000,247.0000,30.0000,259.0000,21.0000,6.0000,58.0000,0.4695,0.6508,0.5394,0.5975
716,19.608,-99.476,Forest,5.51,60.3,40.29222222,0.256389734,0.181709915,0.705293507,0.62232959,0.036196233,0.996503497,4085.0000,223.0000,32.0000,166.0000,13.0000,3.0000,67.0000,0.5290,0.7474,0.6912,0.5167
732,45.728,-84.94,Shrubland,7.525,54.325,0.856666667,0.009769148,0.042309167,0.142687084,0.76976977,0.00380977,0.994172494,3550.0000,121.0000,2.0000,205.0000,5.0000,1.0000,27.0000,0.4556,0.5862,0.4646,0.9655
738,45.728,-84.938,Shrubland,7.37,58.7,2.436666667,0.00648754,0.135682676,0.291097406,0.52952953,0.003133885,0.982517483,4007.0000,176.0000,9.0000,326.0000,7.0000,4.0000,40.0000,0.3682,0.4509,0.3336,0.8996
746,45.728,-84.936,Forest,4.92,17.195,1.515555556,0.027969929,0.052409711,0.471462699,0.43364417,0.000693539,0.998834499,1501.0000,132.0000,21.0000,60.0000,7.0000,4.0000,39.0000,0.9255,0.7775,1.0000,0.7678
762,45.726,-84.907,Forest,4.67,24.6,1.854444444,0.01704946,0.035816063,0.076737993,0.751132348,0.010400253,0.995337995,2448.0000,215.0000,35.0000,382.0000,6.0000,1.0000,50.0000,0.7321,0.5910,0.4559,0.3180
766,45.723,-84.875,Forest,4.48,12.93,2.296666667,0.006584011,0.054585842,0.228294077,0.728578904,0.003960928,0.998834499,1539.0000,131.0000,23.0000,81.0000,10.0000,1.0000,28.0000,0.8723,0.8313,0.9555,0.7462
770,19.414,-155.234,Forest,4.86,31.9,9.106155662,0.303711765,0.177467798,0.933827498,0.842721911,0.047302857,0.988344988,2609.0000,204.0000,20.0000,192.0000,6.0000,3.0000,65.0000,0.8787,0.8962,0.7437,0.7078
775,19.929,-155.301,Forest,4.25,153.4,14.73072215,0.712355421,0.337445128,0.624112961,1,0.449911889,0.998834499,1629.0000,133.0000,29.0000,104.0000,1.0000,0.0000,50.0000,0.9752,0.9387,0.8800,0.7049
781,20.051,-155.684,Forest,4.3,136.7,19.53017901,0.675953859,0.311398498,0.852460445,0.793873664,0.380767967,1,2074.0000,164.0000,37.0000,184.0000,6.0000,1.0000,61.0000,0.9229,0.9329,0.6810,0.5008
789,22.139,-159.624,Forest,3.77,157.9,13.65144528,1,0.295625699,0.585282077,0.958507731,0.170045102,1,1641.0000,114.0000,22.0000,103.0000,3.0000,0.0000,37.0000,0.9540,0.8395,0.9206,0.6725
790,37.621,-120.616,Shrubland,5.66,480,51.68111111,0.068466667,0.21430887,0.521956526,0.8998999,0.174458018,0.966200466,2894.0000,184.0000,27.0000,522.0000,8.0000,4.0000,39.0000,0.4384,0.5129,0.3251,0.7595
795,37.489,-120.529,Shrubland,6.89,314,48.02666667,0.151735241,0.430920993,0.542149083,0.8998999,0.22767059,0.963869464,4873.0000,291.0000,56.0000,554.0000,6.0000,4.0000,62.0000,0.2578,0.4157,0.2168,0.2560
805,37.626,-120.59,Grassland,6.57,161.7,13.57666667,0.069831726,0.382793288,0.05778882,0.8998999,0.069013597,0.904428904,3954.0000,256.0000,50.0000,421.0000,8.0000,11.0000,46.0000,0.1354,0.3149,0.1725,0.2814
810,37.468,-120.369,Grassland,4.98,254,47.77444444,0.160674928,0.649529859,0.48872087,0.8998999,0.050935517,0.965034965,3206.0000,220.0000,30.0000,352.0000,4.0000,4.0000,36.0000,0.4922,0.3302,0.3410,0.3354
1301,35.26746,3.22381,Shrubland,8.1,213,20.22222222,0.015903173,0.029885659,0.281862784,0.037926816,0.028901515,0.115384615,4520.0000,255.0000,29.0000,447.0000,7.0000,9.0000,59.0000,0.1224,0.2595,0.1207,0.4277
1302,35.26817,3.23376,Grassland,8.03,147.1,11.22222222,0.007244725,0.023894501,0.240294252,0.303748193,0.010817809,0.861305361,4366.0000,196.0000,25.0000,414.0000,4.0000,11.0000,28.0000,0.1170,0.3523,0.1377,0.2925
1303,35.26881,3.23955,Grassland,7.68,387,21.22222222,0.020279275,0.040069334,0.262926697,0.269269269,0.059036597,0.815850816,4098.0000,173.0000,32.0000,306.0000,4.0000,9.0000,35.0000,0.1126,0.2771,0.1242,0.5588
1304,34.93256,3.05053,Shrubland,7.88,5730,24,0.015971381,0.02836016,0.229300258,0.153598042,0.166882582,0.952214452,3468.0000,150.0000,31.0000,540.0000,3.0000,3.0000,26.0000,0.4188,0.6129,0.2699,0.5423
1305,34.93281,3.05913,Shrubland,7.37,1671,20.66666667,0.014479281,0.052412934,0.301310918,0.331553776,0.054478045,0.843822844,3864.0000,166.0000,40.0000,475.0000,8.0000,4.0000,30.0000,0.2166,0.4751,0.1558,0.3286
1306,34.93471,3.06564,Shrubland,8.01,170.9,11.66666667,0.012454958,0.05546982,0.254567156,0.242575909,0.030837564,0.911421911,4089.0000,204.0000,42.0000,363.0000,3.0000,11.0000,37.0000,0.1064,0.2807,0.1272,0.5682
1307,-41.04097,-70.48775,Grassland,6.49,77.1,17.44444444,0.023140541,0.114601638,0.301310918,0.565120676,0.045003314,0.917249417,4563.0000,284.0000,52.0000,542.0000,4.0000,5.0000,57.0000,0.1031,0.1812,0.1140,0.2376
1308,-41.03246,-70.52356,Grassland,6.22,66.3,19.11111111,0.022186196,0.146765785,0.360519683,0.610721833,0.033214709,0.923076923,4409.0000,279.0000,42.0000,550.0000,3.0000,8.0000,47.0000,0.1105,0.2498,0.1164,0.4029
1309,-41.03991,-70.4892,Grassland,6.05,104,18.66666667,0.024992789,0.06102071,0.325981237,0.497275053,0.0613181,0.955710956,4630.0000,227.0000,41.0000,585.0000,1.0000,5.0000,44.0000,0.1195,0.1974,0.0847,0.3661
1310,-41.0138,-71.04579,Shrubland,6.7,82.6,28,0.037979533,0.043693948,0.331936142,0.465020576,0.040608193,0.981351981,4681.0000,281.0000,39.0000,437.0000,5.0000,10.0000,58.0000,0.2156,0.3979,0.3133,0.3493
1311,-41.02781,-71.04449,Grassland,6.63,120.1,29.55555556,0.046696873,0.048397506,0.307609723,0.628517406,0.048110532,0.972027972,4805.0000,314.0000,49.0000,513.0000,6.0000,13.0000,55.0000,0.1824,0.2729,0.2682,0.6395
1312,-41.00444,-71.0589,Grassland,6.75,10.5,33.55555556,0.040327038,0.037383557,0.337809472,0.650761873,0.037798022,0.991841492,4692.0000,288.0000,52.0000,423.0000,5.0000,9.0000,62.0000,0.1939,0.4654,0.3086,0.4525
1313,-51.49185842,-69.33351517,Grassland,6.59,141.1,35.11111111,0.094336701,0.089401114,0.397478021,0.53620287,0.067463885,0.979020979,4141.0000,237.0000,50.0000,404.0000,3.0000,4.0000,47.0000,0.1611,0.2905,0.3081,0.4264
1314,-51.4920655,-69.32009339,Grassland,6.5,92.3,34.55555556,0.125216522,0.136023249,0.435876293,0.687465243,0.063839608,0.974358974,3926.0000,198.0000,64.0000,338.0000,5.0000,4.0000,41.0000,0.2041,0.3803,0.3082,0.2439
1315,-51.49359519,-69.30677892,Grassland,6.66,98.4,35.66666667,0.075872692,0.07447501,0.421921366,0.60293627,0.048587103,0.981351981,3722.0000,255.0000,48.0000,424.0000,4.0000,6.0000,63.0000,0.2439,0.3390,0.2903,0.2730
1322,-27.59989,-66.39181,Shrubland,6.75,156.3,35.77777778,0.016823355,0.058546532,0.343602893,0.150261372,0.074422411,0.705128205,4632.0000,201.0000,33.0000,293.0000,1.0000,2.0000,39.0000,0.1536,0.2088,0.2406,0.5858
1323,-27.59703,-66.39864,Shrubland,6.11,137.4,32.22222222,0.040999858,0.063091329,0.366009238,0.259259259,0.108902948,0.972027972,4273.0000,190.0000,24.0000,390.0000,3.0000,0.0000,37.0000,0.1538,0.1759,0.1782,0.4770
1324,-27.59494,-66.40858,Shrubland,6.5,135,35.77777778,0.012519077,0.067439839,0.294921483,0.284840396,0.073030272,0.948717949,4537.0000,181.0000,21.0000,262.0000,5.0000,0.0000,40.0000,0.1523,0.3163,0.2568,0.6704
1325,-29.28744,-65.24302,Forest,7.23,232,41.66666667,0.025711081,0.077598592,0.325981237,0.775330886,0.061555394,0.876456876,5014.0000,198.0000,46.0000,400.0000,3.0000,2.0000,44.0000,0.0971,0.2576,0.0700,0.2107
1326,-29.28739,-65.25106,Forest,6.37,148,43.22222222,0.051904015,0.048002294,0.354956444,0.934378823,0.078865398,0.948717949,4975.0000,222.0000,60.0000,429.0000,2.0000,2.0000,45.0000,0.1390,0.2351,0.0967,0.1266
1327,-29.28573,-65.26186,Forest,5.69,84.5,37.11111111,0.044306377,0.056057103,0.337809472,0.941052163,0.064782759,0.884615385,4257.0000,251.0000,42.0000,514.0000,4.0000,2.0000,47.0000,0.2722,0.1883,0.2070,0.3383
1328,-45.45081,-69.82544,Shrubland,6.91,140.6,11.11111111,0.015259692,0.034328883,0.261543837,0.185852519,0.067090215,0.776223776,4313.0000,251.0000,39.0000,344.0000,2.0000,7.0000,40.0000,0.1345,0.1173,0.1231,0.3506
1329,-45.37281,-69.89747,Shrubland,7.35,337,30.66666667,0.016214787,0.035906267,0.294921483,0.323768213,0.04925584,0.947552448,4174.0000,227.0000,60.0000,395.0000,6.0000,5.0000,43.0000,0.1458,0.2617,0.1378,0.2779
1330,-45.07703,-70.01175,Shrubland,8.03,128.4,15.22222222,0.014581058,0.0240309,0.26841716,0.261483706,0.046028212,0.756410256,3900.0000,210.0000,25.0000,318.0000,4.0000,3.0000,38.0000,0.1446,0.0000,0.1614,0.6043
1331,-45.125,-69.99694,Shrubland,7.87,107.2,28.55555556,0.013639532,0.035445662,0.174012073,0.361583806,0.026499964,0.927738928,4503.0000,197.0000,32.0000,337.0000,4.0000,2.0000,35.0000,0.1710,0.2763,0.1886,0.4434
1332,-45.38136,-70.22183,Shrubland,6.93,72.4,14.55555556,0.014325141,0.026628732,0.240294252,0.446112779,0.041690191,0.924242424,4167.0000,201.0000,28.0000,321.0000,5.0000,5.0000,34.0000,0.0735,0.2440,0.1531,0.4995
1333,-45.38406,-70.25333,Grassland,6.89,106.8,9.888888889,0.018137458,0.0565772,0.26841716,0.449449449,0.045233735,0.882284382,4177.0000,252.0000,34.0000,357.0000,4.0000,4.0000,46.0000,0.0554,0.0172,0.1542,0.4433
1334,-45.43025,-70.2955,Grassland,6.87,38,6.777777778,0.010912425,0.018317044,0.225578777,0.441663886,0.049856311,0.867132867,4094.0000,217.0000,36.0000,370.0000,4.0000,3.0000,32.0000,0.1031,0.2123,0.2178,0.4475
1336,-45.55611,-71.47211,Grassland,6.57,72.8,24.44444444,0.044376276,0.04383784,0.343602893,0.432766099,0.103834056,0.968531469,4422.0000,282.0000,55.0000,430.0000,2.0000,8.0000,55.0000,0.1718,0.1779,0.2473,0.4720
1337,-45.58158,-71.47075,Grassland,6.31,74.6,23.66666667,0.032767875,0.047909036,0.301310918,0.488377266,0.100523906,0.923076923,4405.0000,325.0000,63.0000,393.0000,8.0000,8.0000,65.0000,0.1697,0.2022,0.2321,0.4199
1338,-45.57636,-71.38994,Grassland,6.19,79,14.44444444,0.034425498,0.020006144,0.281862784,0.453898343,0.113072181,0.938228438,4442.0000,273.0000,36.0000,361.0000,6.0000,3.0000,49.0000,0.1406,0.1748,0.1968,0.4836
1339,-45.58042,-71.39194,Grassland,6.76,83.4,37.44444444,0.049150971,0.043617379,0.392401326,0.578467356,0.149656477,0.98951049,4339.0000,162.0000,25.0000,282.0000,2.0000,3.0000,44.0000,0.1804,0.3465,0.3268,0.4960
1340,-31.0827,141.70068,Shrubland,8.78,261,54.22222222,0.023906111,0.049135526,0.412327353,0.036647267,0.03439783,0.706293706,4538.0000,184.0000,39.0000,463.0000,4.0000,3.0000,37.0000,0.1531,0.2888,0.1376,0.2651
1343,-31.08305,141.69901,Shrubland,7.52,95.5,46.88888889,0.020540458,0.027863819,0.281862784,0.049934891,0.036903204,0.841491841,4992.0000,196.0000,51.0000,455.0000,2.0000,1.0000,41.0000,0.1671,0.2417,0.1118,0.3213
1344,-34.78926,144.75515,Shrubland,5.97,800,74.88888889,0.045931702,0.045677759,0.440415848,0.12744603,0.173566513,0.883449883,4001.0000,196.0000,39.0000,349.0000,1.0000,4.0000,44.0000,0.2171,0.2322,0.1642,0.4583
1345,-34.71686,144.77065,Shrubland,5.66,238,49.44444444,0.046700514,0.051931466,0.407439837,0.142948258,0.1092317,0.82983683,4116.0000,289.0000,58.0000,470.0000,9.0000,3.0000,65.0000,0.1564,0.2288,0.0708,0.2943
1346,-34.69379,144.79988,Shrubland,5.95,337,58.77777778,0.048296962,0.06864787,0.412327353,0.225995907,0.084748356,0.750582751,4093.0000,268.0000,57.0000,549.0000,10.0000,3.0000,59.0000,0.1370,0.2294,0.0912,0.4268
1347,-34.78923,144.78058,Shrubland,6.58,176.8,31.88888889,0.028054314,0.063448422,0.331936142,0.186133036,0.028043214,0.705128205,4540.0000,220.0000,56.0000,561.0000,6.0000,2.0000,42.0000,0.1137,0.2319,0.1000,0.2393
1348,-31.48905,147.22937,Grassland,5.95,247,65.77777778,0.041928073,0.056419353,0.349318025,0.066544421,0.100107276,0.855477855,4155.0000,247.0000,66.0000,438.0000,8.0000,9.0000,46.0000,0.2252,0.2406,0.2981,0.2345
1349,-31.51075,147.21559,Shrubland,6.04,309,54.55555556,0.031649627,0.084449932,0.354956444,0.269180685,0.043800229,0.313519814,4370.0000,158.0000,43.0000,421.0000,3.0000,2.0000,35.0000,0.2096,0.4170,0.2681,0.3876
1350,-31.49073,147.23123,Shrubland,6.02,272,62,0.036579821,0.093485168,0.343602893,0.495070292,0.045369364,0.931235431,4605.0000,189.0000,48.0000,546.0000,2.0000,10.0000,34.0000,0.1367,0.3947,0.1411,0.3889
1371,-10.85045,-43.32825,Forest,4.33,22.1,3.555555556,0.023172871,0.025146938,0.079278049,0.432766099,0.012424112,0.961538462,2018.0000,179.0000,29.0000,280.0000,2.0000,2.0000,27.0000,0.7422,0.5635,0.5637,0.7308
1372,-10.86147,-43.34457,Forest,4.13,25.4,4.777777778,0.057296601,0.027851912,0.048723067,0.475030586,0.019354721,0.995337995,2378.0000,190.0000,61.0000,293.0000,2.0000,1.0000,33.0000,0.6679,0.5238,0.5158,0.4322
1373,-10.84101,-43.35452,Forest,4.25,31.5,2.555555556,0.045267459,0.039764738,0.079278049,0.446112779,0.01835572,0.991841492,2246.0000,186.0000,43.0000,319.0000,2.0000,1.0000,34.0000,0.7184,0.5506,0.4609,0.5370
1374,-9.62727,-41.34035,Forest,5.36,35.7,1.888888889,0.018816112,0.053776878,0.038160851,0.418307196,0.035872065,0.939393939,3658.0000,195.0000,47.0000,453.0000,2.0000,5.0000,34.0000,0.3204,0.3952,0.2854,0.4877
1375,-9.64365,-41.33944,Forest,4.85,30.9,1.222222222,0.013546328,0.044147665,0.089102513,0.269269269,0.026695776,0.967365967,2891.0000,244.0000,34.0000,432.0000,5.0000,0.0000,48.0000,0.5753,0.4768,0.3597,0.3156
1376,-9.62211,-41.35261,Forest,4.98,35.5,1.666666667,0.019294447,0.048544345,0.089102513,0.482816149,0.04692341,0.96037296,2833.0000,206.0000,34.0000,342.0000,2.0000,0.0000,33.0000,0.5465,0.3866,0.3886,0.4620
1377,-18.28589,-44.21706,Shrubland,4.1,90.3,63.44444444,0.038333535,0.050418433,0.360519683,0.598487376,0.050447038,0.96037296,3074.0000,242.0000,51.0000,324.0000,5.0000,5.0000,46.0000,0.5085,0.5275,0.3046,0.4489
1378,-18.29167,-44.21056,Shrubland,4.76,38.6,56.88888889,0.033202206,0.132496717,0.294921483,0.431653876,0.021532983,0.982517483,3729.0000,280.0000,25.0000,255.0000,5.0000,1.0000,48.0000,0.4828,0.6197,0.4641,0.5172
1379,-18.27407,-44.19578,Forest,5.11,68.8,47.55555556,0.055140236,0.168132477,0.331936142,0.942164387,0.031101069,0.981351981,4341.0000,355.0000,62.0000,300.0000,3.0000,6.0000,62.0000,0.2999,0.5491,0.3414,0.3278
1380,50.74388,-120.4274,Shrubland,6.6,159.6,46.77777778,0.092507397,0.269898465,0.440415848,0.570681793,0.043234684,0.903263403,4779.0000,247.0000,48.0000,310.0000,4.0000,12.0000,50.0000,0.1305,0.3093,0.3459,0.3370
1381,50.74152,-120.42911,Shrubland,6.95,221,49.11111111,0.067541905,0.140477139,0.261543837,0.333778223,0.057095054,0.646853147,4721.0000,276.0000,42.0000,302.0000,7.0000,14.0000,47.0000,0.1302,0.2692,0.2276,0.3369
1382,50.73844,-120.4322,Shrubland,7.09,375,47.66666667,0.070971961,0.173626655,0.397478021,0.461683906,0.048644548,0.926573427,4808.0000,299.0000,61.0000,406.0000,7.0000,17.0000,37.0000,0.1271,0.2645,0.1184,0.1183
1383,-45.25074,-71.43081,Grassland,6.16,123.9,17.55555556,0.111278913,0.30816199,0.354956444,0.240351463,0.121496785,0.98951049,4129.0000,299.0000,78.0000,461.0000,6.0000,5.0000,68.0000,0.2353,0.2490,0.3073,0.2539
1384,-45.24508,-71.42137,Grassland,5.94,164.9,25.66666667,0.047651002,0.241955441,0.288439448,0.210321433,0.079955232,0.862470862,4354.0000,316.0000,61.0000,471.0000,5.0000,6.0000,62.0000,0.2150,0.2947,0.2545,0.2836
1385,-45.23937,-71.40499,Grassland,6.1,133.2,24.22222222,0.037742582,0.089637921,0.307609723,0.260371483,0.069171873,0.981351981,4418.0000,285.0000,46.0000,468.0000,3.0000,6.0000,58.0000,0.1855,0.3030,0.1826,0.4948
1400,38.56636,109.59864,Shrubland,7.83,75.4,3.333333333,0.00256937,0.046487883,0.079278049,0.329329329,0.010517255,0.982517483,4085.0000,148.0000,11.0000,274.0000,5.0000,1.0000,28.0000,0.1673,0.2699,0.2550,0.7848
1401,38.56655,109.59841,Shrubland,7.73,101.2,5.666666667,0.005638435,0.066986081,0.17856104,0.342676009,0.01741022,0.381118881,3395.0000,106.0000,9.0000,393.0000,3.0000,0.0000,21.0000,0.2535,0.5620,0.2811,0.6623
1402,38.56694,109.5961,Shrubland,8.15,89.2,11.55555556,0.00545905,0.034618791,0.170275127,0.411633856,0.012327789,0.958041958,4471.0000,115.0000,21.0000,483.0000,4.0000,2.0000,21.0000,0.1633,0.4724,0.1828,0.4061
1403,38.58506,109.62194,Shrubland,7.95,108.1,8.555555556,0.002350622,0.012678854,0.153289006,0.483928373,0.011576951,0.933566434,4515.0000,147.0000,37.0000,433.0000,2.0000,5.0000,26.0000,0.1710,0.2548,0.0633,0.3909
1404,49.26454,119.18953,Grassland,6.11,215,34,0.067216329,0.0472537,0.285163073,0.741964186,0.125405606,0.611888112,4603.0000,222.0000,48.0000,301.0000,5.0000,3.0000,40.0000,0.0708,0.1150,0.0861,0.2976
1405,49.26278,119.1943,Grassland,6.58,156.2,39.33333333,0.07247746,0.237729438,0.452622207,0.70637304,0.0576776,0.800699301,4616.0000,293.0000,66.0000,357.0000,7.0000,4.0000,51.0000,0.1009,0.2035,0.0691,0.2490
1406,49.29804,119.18883,Grassland,6.13,238,35.11111111,0.055819629,0.149506556,0.393676592,0.708597486,0.072076555,0.812354312,4489.0000,256.0000,62.0000,424.0000,3.0000,7.0000,42.0000,0.0767,0.2233,0.0885,0.3329
1408,49.54666,118.55455,Grassland,5.72,520,49.33333333,0.089585816,0.178587139,0.443411955,0.448337226,0.184982769,0.962703963,4141.0000,201.0000,34.0000,470.0000,5.0000,4.0000,33.0000,0.1329,0.4357,0.1293,0.3059
1413,43.98449,90.97402,Shrubland,8.64,280,36.22222222,0.010765388,0.051833633,0.194735141,0.228117006,0.045141982,0.797202797,4215.0000,165.0000,27.0000,327.0000,2.0000,0.0000,30.0000,0.2547,0.3551,0.1930,0.4144
1414,43.97099,90.97385,Shrubland,8.52,150.4,44.77777778,0.016401252,0.067824561,0.225578777,0.363808253,0.042487289,0.876456876,4384.0000,207.0000,40.0000,436.0000,3.0000,8.0000,40.0000,0.2214,0.2302,0.1331,0.3722
1415,43.96438,90.81653,Shrubland,8.84,199,56.66666667,0.023967154,0.076621506,0.281862784,0.400511623,0.043526213,0.966200466,4035.0000,172.0000,27.0000,255.0000,4.0000,11.0000,32.0000,0.2813,0.3987,0.3055,0.6676
1416,-0.89437,-80.5366,Forest,7.51,166.1,75.22222222,0.038364145,0.109551081,0.498673469,0.8665332,0.062647461,0.897435897,4871.0000,238.0000,75.0000,539.0000,7.0000,6.0000,41.0000,0.3309,0.4530,0.1938,0.2937
1417,-0.8994,-80.55148,Forest,7.16,166,78.11111111,0.08136558,0.177856085,0.494814424,0.90657324,0.121596534,0.892773893,4888.0000,241.0000,92.0000,536.0000,7.0000,4.0000,47.0000,0.2909,0.3560,0.1824,0.1972
1418,-0.90503,-80.55512,Forest,7.33,230,78.66666667,0.063710726,0.136018691,0.482974175,0.905461017,0.076027092,0.907925408,5028.0000,292.0000,85.0000,537.0000,12.0000,5.0000,38.0000,0.2343,0.3515,0.1810,0.2750
1419,-4.37532,-80.35908,Shrubland,5.21,113.9,56.66666667,0.015999877,0.083899308,0.240294252,0.264820376,0.037683398,0.91025641,4614.0000,248.0000,59.0000,343.0000,8.0000,9.0000,42.0000,0.3128,0.3531,0.2803,0.2122
1420,-4.36613,-80.36294,Shrubland,5.98,262,58.88888889,0.060760648,0.170990498,0.37677307,0.55622289,0.072276872,0.953379953,4780.0000,268.0000,90.0000,401.0000,5.0000,14.0000,32.0000,0.2338,0.3752,0.2898,0.3440
1421,-4.35728,-80.36458,Shrubland,5.79,110.1,68.88888889,0.04863989,0.170122841,0.360519683,0.79312646,0.060852385,0.954545455,4806.0000,214.0000,52.0000,314.0000,1.0000,4.0000,35.0000,0.1978,0.3706,0.3138,0.5305
1423,-3.35204,-79.47369,Shrubland,7.23,156,58.77777778,0.042594553,0.094813793,0.426630084,0.62962963,0.043179622,0.940559441,2902.0000,215.0000,45.0000,168.0000,4.0000,8.0000,44.0000,0.4456,0.3526,0.5523,0.4705
1424,-3.36361,-79.48401,Shrubland,6.48,123.4,69.44444444,0.05886206,0.117050472,0.470723281,0.382716049,0.060183147,0.892773893,3878.0000,206.0000,65.0000,284.0000,5.0000,1.0000,50.0000,0.3254,0.3553,0.3077,0.2344
1425,-3.40324,-79.32864,Shrubland,8.5,691,50.33333333,0.02114091,0.035206909,0.449332831,0.928817707,0.03167842,0.909090909,4706.0000,246.0000,61.0000,361.0000,8.0000,11.0000,39.0000,0.2476,0.3521,0.1379,0.2397
1426,-3.4077,-79.31464,Shrubland,7.17,157.3,31.44444444,0.013142649,0.053053764,0.313819812,0.601824046,0.022603874,0.789044289,4840.0000,261.0000,83.0000,450.0000,4.0000,8.0000,42.0000,0.2889,0.2669,0.1134,0.2040
1427,-3.415,-79.33001,Shrubland,7.75,2820,56.55555556,0.020440783,0.038714076,0.397478021,0.765320876,0.023250912,0.990675991,4502.0000,126.0000,52.0000,248.0000,0.0000,4.0000,31.0000,0.2537,0.5285,0.2937,0.3293
1428,47.64005,21.14358,Grassland,5.74,451,65,0.173076085,0.232928385,0.502489871,0.94327661,0.06385652,0.991841492,4041.0000,188.0000,65.0000,421.0000,3.0000,7.0000,34.0000,0.3549,0.5405,0.2689,0.2878
1429,47.62921,21.14198,Grassland,5.99,533,66.88888889,0.167305102,0.264155149,0.513690184,0.865420977,0.065237115,0.981351981,3864.0000,214.0000,79.0000,377.0000,4.0000,10.0000,46.0000,0.3383,0.3915,0.3359,0.2874
1430,47.60451,21.12539,Grassland,5.91,209,81.33333333,0.099054231,0.218031359,0.453712178,0.90657324,0.048673484,0.995337995,3856.0000,167.0000,57.0000,255.0000,2.0000,4.0000,35.0000,0.3394,0.5059,0.5019,0.2003
1431,47.47921,20.9167,Grassland,7.26,673,73,0.128321448,0.282035511,0.494814424,0.785340896,0.109371089,0.970862471,4247.0000,233.0000,80.0000,335.0000,3.0000,8.0000,44.0000,0.2606,0.3408,0.2773,0.2887
1432,47.45608,20.89312,Grassland,6.36,555,75,0.158762772,0.241749538,0.520956337,0.961072183,0.064230506,0.937062937,3935.0000,210.0000,92.0000,365.0000,1.0000,8.0000,46.0000,0.3005,0.4308,0.2918,0.2808
1433,47.48124,20.91549,Grassland,5.99,502,64.11111111,0.156907415,0.288261219,0.509997549,0.87320654,0.088511442,0.903263403,4599.0000,235.0000,77.0000,434.0000,3.0000,9.0000,44.0000,0.1193,0.2979,0.1920,0.2466
1434,37.4932,56.11681,Shrubland,7.77,512,50.55555556,0.035812021,0.110888943,0.337809472,0.257034813,0.07590229,0.708624709,4105.0000,280.0000,36.0000,321.0000,6.0000,8.0000,56.0000,0.1302,0.1134,0.2885,0.3464
1435,37.49119,56.11515,Shrubland,7.78,1188,62.88888889,0.03287286,0.068320752,0.325981237,0.299299299,0.113073018,0.623543124,4401.0000,270.0000,43.0000,336.0000,9.0000,6.0000,50.0000,0.1439,0.0744,0.1760,0.2835
1436,37.48745,56.10868,Shrubland,7.88,2540,74.66666667,0.026628549,0.133975219,0.366009238,0.344900456,0.1142696,0.727272727,4518.0000,210.0000,32.0000,312.0000,5.0000,8.0000,36.0000,0.1548,0.2375,0.1908,0.4394
1437,37.51213,55.87783,Shrubland,7.84,404,71.66666667,0.100844003,0.065210142,0.444901037,0.330441553,0.064465336,0.923076923,4442.0000,246.0000,54.0000,360.0000,0.0000,17.0000,47.0000,0.0976,0.2772,0.1325,0.2677
1438,37.51093,55.87864,Grassland,7.9,394,81.11111111,0.082144535,0.134928525,0.426630084,0.834278723,0.060037696,0.947552448,4637.0000,295.0000,58.0000,439.0000,4.0000,15.0000,64.0000,0.1449,0.3129,0.1770,0.2857
1439,37.50846,55.87976,Shrubland,7.8,384,73.55555556,0.111833846,0.146072515,0.449332831,0.952174397,0.064638266,0.926573427,4453.0000,318.0000,91.0000,458.0000,7.0000,11.0000,71.0000,0.1197,0.1684,0.1084,0.3446
1440,36.69489,58.66186,Shrubland,7.95,300,88.22222222,0.033511901,0.064078554,0.407439837,0.348237126,0.035656791,0.837995338,4330.0000,226.0000,86.0000,360.0000,5.0000,8.0000,37.0000,0.1223,0.1801,0.1149,0.1847
1441,36.69303,58.66581,Shrubland,7.89,441,82.77777778,0.035090241,0.084046824,0.431281378,0.604048493,0.026082613,0.794871795,4604.0000,243.0000,60.0000,372.0000,1.0000,12.0000,39.0000,0.1380,0.2635,0.1512,0.3255
1442,36.69568,58.66592,Forest,7.93,324,82.33333333,0.051244916,0.095683482,0.453712178,0.700811923,0.027484986,0.798368298,4649.0000,301.0000,69.0000,476.0000,5.0000,20.0000,50.0000,0.1345,0.2759,0.1125,0.2839
1443,36.69578,58.6672,Forest,7.79,327,75,0.073995072,0.12422672,0.453712178,0.615170726,0.035779223,0.7995338,4547.0000,261.0000,55.0000,357.0000,2.0000,14.0000,42.0000,0.1393,0.2259,0.2761,0.2533
1444,37.41242,56.75472,Forest,7.77,328,74,0.044847477,0.10113062,0.392401326,0.792014236,0.027560824,0.903263403,4970.0000,259.0000,46.0000,412.0000,20.0000,7.0000,41.0000,0.1066,0.1413,0.1625,0.0259
1445,37.41519,56.768,Forest,7.69,242,59.77777778,0.163045866,0.199880761,0.502489871,0.74307641,0.082360552,0.875291375,4734.0000,285.0000,57.0000,314.0000,16.0000,9.0000,56.0000,0.0795,0.1676,0.2125,0.2539
1446,37.41547,56.77344,Forest,7.72,162.2,35.11111111,0.03380981,0.080819078,0.331936142,0.774218663,0.023831404,0.675990676,4479.0000,277.0000,67.0000,470.0000,17.0000,10.0000,55.0000,0.0858,0.1004,0.0090,0.1586
1447,36.61167,60.38364,Grassland,7.92,215,57.22222222,0.011744631,0.059379418,0.307609723,0.447225003,0.047029018,0.773892774,4084.0000,216.0000,21.0000,260.0000,5.0000,2.0000,49.0000,0.0994,0.2543,0.2566,0.6005
1448,36.60317,60.37983,Shrubland,7.88,323,50.33333333,0.037301616,0.105210146,0.349318025,0.323768213,0.046793757,0.825174825,3783.0000,270.0000,45.0000,462.0000,7.0000,6.0000,53.0000,0.1295,0.1462,0.0000,0.3414
1449,36.59978,60.38375,Forest,7.73,1187,65.33333333,0.030545626,0.094825622,0.37677307,0.294850406,0.034823375,0.854312354,4006.0000,256.0000,31.0000,317.0000,6.0000,8.0000,44.0000,0.1302,0.1166,0.1943,0.4354
1450,36.59817,60.38675,Forest,7.77,926,50.77777778,0.051802582,0.164386858,0.360519683,0.255922589,0.046482713,0.865967366,4372.0000,248.0000,39.0000,388.0000,6.0000,8.0000,40.0000,0.1232,0.1680,0.1309,0.3128
1451,31.65,34.886,Forest,7.68,656,61.77777778,0.232739634,0.339944626,0.47485385,0.206984763,0.111519426,0.716783217,4406.0000,281.0000,103.0000,332.0000,8.0000,13.0000,51.0000,0.0922,0.2390,0.0627,0.2462
1452,31.655,34.891,Forest,7.43,1075,70.22222222,0.200769182,0.326727516,0.545201945,0.225892559,0.12318388,0.590909091,4135.0000,289.0000,85.0000,305.0000,7.0000,9.0000,59.0000,0.1333,0.2060,0.1425,0.2951
1453,31.674,34.883,Forest,7.63,693,73.44444444,0.114680631,0.324627995,0.449332831,0.230341453,0.10250866,0.793706294,4603.0000,340.0000,95.0000,319.0000,8.0000,19.0000,65.0000,0.1778,0.2632,0.2042,0.2466
1454,31.632,34.883,Forest,7.71,623,64,0.15337195,0.280354274,0.440415848,0.648537426,0.065874553,0.75990676,4551.0000,335.0000,105.0000,327.0000,14.0000,7.0000,57.0000,0.0773,0.2477,0.1910,0.3789
1455,32.575,35.109,Shrubland,7.63,860,78,0.133047322,0.20098089,0.541846526,0.051273496,0.091027246,0.395104895,2786.0000,275.0000,72.0000,282.0000,9.0000,10.0000,57.0000,0.2551,0.1515,0.1894,0.3552
1458,32.563,35.088,Shrubland,7.5,1074,84.88888889,0.101144029,0.092682856,0.498673469,0.159159159,0.083713677,0.87995338,687.0000,226.0000,15.0000,315.0000,1.0000,2.0000,52.0000,0.8782,0.2120,0.3417,0.6532
1459,31.277,34.646,Shrubland,7.87,464,22.11111111,0.025109036,0.161899087,0.288439448,0.016794572,0.056286889,0.892773893,3945.0000,214.0000,33.0000,341.0000,5.0000,9.0000,42.0000,0.1817,0.1566,0.1084,0.6135
1460,31.275,34.654,Shrubland,7.94,349,33.22222222,0.023615123,0.127399609,0.313819812,0.046824602,0.048957113,0.86013986,4092.0000,243.0000,37.0000,361.0000,2.0000,13.0000,40.0000,0.1579,0.1203,0.0926,0.4014
1461,31.271,34.657,Shrubland,8,343,25.77777778,0.016844596,0.138259652,0.288439448,0.220331443,0.039986225,0.643356643,4205.0000,217.0000,45.0000,363.0000,4.0000,13.0000,33.0000,0.1662,0.1924,0.1432,0.3124
1462,31.27,34.65,Shrubland,7.89,341,21.55555556,0.019724677,0.087765698,0.281862784,0.049049049,0.038385443,0.870629371,4146.0000,206.0000,53.0000,333.0000,1.0000,9.0000,34.0000,0.1569,0.2183,0.1736,0.2115
1472,0.68808,37.62736,Forest,7.73,273,22.33333333,0.012495165,0.034965433,0.275189404,0.292625959,0.109005978,0.924242424,4516.0000,196.0000,59.0000,386.0000,4.0000,6.0000,33.0000,0.2098,0.3042,0.2276,0.3660
1473,0.68808,37.61069,Forest,7.58,401,28,0.012679079,0.040562681,0.281862784,0.413858303,0.07371273,0.437062937,4410.0000,136.0000,35.0000,345.0000,2.0000,0.0000,32.0000,0.2627,0.3775,0.2207,0.5213
1474,0.68861,37.6065,Forest,8.19,270,24.11111111,0.032833345,0.01757746,0.26841716,0.361583806,0.080898972,0.834498834,4382.0000,164.0000,39.0000,471.0000,3.0000,1.0000,31.0000,0.3268,0.3043,0.1350,0.4091
1475,0.24289,36.54833,Grassland,6.02,680,58.55555556,0.058101399,0.129300592,0.435876293,0.635190746,0.151532485,0.91958042,4453.0000,246.0000,16.0000,403.0000,3.0000,2.0000,58.0000,0.1203,0.1304,0.2241,0.6123
1476,0.21658,36.58256,Grassland,6.1,432,58,0.072018682,0.134303846,0.407439837,0.855410967,0.100876828,0.878787879,4267.0000,249.0000,34.0000,380.0000,6.0000,7.0000,43.0000,0.1421,0.1585,0.2289,0.2216
1477,0.21792,36.58769,Forest,5.84,478,69.11111111,0.054668555,0.116372723,0.407439837,0.74974975,0.06322639,0.832167832,4618.0000,249.0000,29.0000,440.0000,6.0000,4.0000,44.0000,0.1049,0.1601,0.2079,0.4354
1478,26.59771,-103.86538,Shrubland,8.42,264,47.11111111,0.027393827,0.074739521,0.349318025,0.158046936,0.075881089,0.854312354,4628.0000,241.0000,38.0000,417.0000,5.0000,9.0000,39.0000,0.2306,0.1491,0.1819,0.2341
1479,26.59797,-103.85282,Grassland,8.4,369,46.77777778,0.028788006,0.076868015,0.349318025,0.212545879,0.079708541,0.786713287,4646.0000,226.0000,59.0000,386.0000,3.0000,4.0000,36.0000,0.2180,0.1899,0.1158,0.1785
1480,26.59927,-103.83978,Grassland,8.62,3850,55.66666667,0.023265688,0.082815213,0.360519683,0.319319319,0.16637854,0.892773893,4950.0000,220.0000,76.0000,404.0000,4.0000,9.0000,36.0000,0.2421,0.3918,0.1712,0.2504
1481,44.81247,110.01595,Grassland,8.28,1003,12.22222222,0.01316804,0.056006226,0.26841716,0.203648093,0.12872391,0.292540793,3467.0000,163.0000,38.0000,431.0000,3.0000,2.0000,35.0000,0.3736,0.2464,0.2466,0.5905
1482,44.81197,110.01779,Shrubland,8.41,203,15.22222222,0.006949942,0.010730601,0.218048592,0.181403626,0.03845439,0.765734266,4439.0000,173.0000,38.0000,505.0000,4.0000,2.0000,31.0000,0.1726,0.3157,0.0531,0.3481
1483,44.81171,110.02052,Shrubland,8.46,276,19.22222222,0.007416102,0.012783976,0.17856104,0.181403626,0.035923076,0.775058275,4497.0000,155.0000,33.0000,492.0000,4.0000,3.0000,30.0000,0.1793,0.3745,0.1057,0.3017
1484,44.81085,110.02584,Shrubland,8.27,368,26.66666667,0.008208041,0.024392777,0.240294252,0.277054833,0.038552914,0.839160839,4346.0000,138.0000,22.0000,276.0000,3.0000,1.0000,19.0000,0.1766,0.4083,0.2755,0.4207
1485,44.87133,110.18218,Shrubland,7.85,9690,39.77777778,0.033413405,0.047945058,0.301310918,0.022355689,0.244680749,0.694638695,3055.0000,152.0000,19.0000,301.0000,2.0000,1.0000,30.0000,0.4167,0.2660,0.3214,0.6180
1486,44.86871,110.17693,Shrubland,7.67,6220,63.22222222,0.026832516,0.03279938,0.407439837,0.064620176,0.157529496,0.702797203,3937.0000,170.0000,23.0000,359.0000,5.0000,3.0000,30.0000,0.2430,0.1924,0.2292,0.4851
1487,44.86707,110.17548,Shrubland,7.6,5210,50.11111111,0.028508147,0.037382562,0.371426561,0.160271382,0.306164944,0.693473193,3648.0000,185.0000,25.0000,370.0000,4.0000,2.0000,32.0000,0.2708,0.1637,0.1511,0.4890
1488,44.86254,110.16869,Shrubland,7.75,4130,72.88888889,0.013547206,0.061799996,0.407439837,0.000111222,0.152835249,0.427738928,3132.0000,170.0000,24.0000,309.0000,3.0000,0.0000,37.0000,0.3715,0.2575,0.3793,0.6773
1489,44.85478,110.24617,Shrubland,7.72,7880,26.66666667,0.017942713,0.057902786,0.232234026,0.014570126,0.251736333,0.433566434,2915.0000,155.0000,34.0000,371.0000,1.0000,2.0000,30.0000,0.4500,0.3583,0.2476,0.6113
1490,44.85377,110.24221,Shrubland,7.64,8900,33.55555556,0.015628678,0.064858909,0.307609723,0.164720276,0.192010058,0.477855478,3298.0000,148.0000,21.0000,480.0000,2.0000,2.0000,32.0000,0.3956,0.2971,0.2073,0.6377
1491,44.85123,110.23757,Shrubland,7.78,9430,41.11111111,0.023499132,0.041316546,0.313819812,0.084640196,0.203118503,0.459207459,3719.0000,140.0000,18.0000,394.0000,1.0000,0.0000,26.0000,0.2852,0.3252,0.2257,0.4527
1492,44.85214,110.23391,Shrubland,7.73,8270,49.66666667,0.03425265,0.078672401,0.412327353,0.114670226,0.119749504,0.710955711,3740.0000,148.0000,25.0000,378.0000,5.0000,0.0000,30.0000,0.3217,0.3103,0.2105,0.6456
1493,-23.25335,18.46941,Forest,6.32,128.3,7,0.013746716,0.068186727,0.153289006,0.275942609,0.040663959,0.62004662,4363.0000,215.0000,20.0000,379.0000,1.0000,3.0000,37.0000,0.1333,0.1651,0.1627,0.4811
1494,-23.2529,18.46659,Forest,6.28,33,6.444444444,0.004171764,0.023494562,0.153289006,0.55955956,0.009637643,0.897435897,3871.0000,220.0000,21.0000,386.0000,5.0000,7.0000,40.0000,0.3043,0.2845,0.2234,0.2580
1495,-23.25237,18.46352,Forest,6.26,34.8,7.333333333,0.002661819,0.031811138,0.12672097,0.590701813,0.011003492,0.948717949,4034.0000,239.0000,19.0000,426.0000,4.0000,8.0000,40.0000,0.2614,0.2125,0.1633,0.4826
1496,-21.9806,19.13877,Forest,6.3,106.3,8.111111111,0.036859193,0.06393477,0.202629643,0.75308642,0.026711466,0.918414918,4803.0000,326.0000,56.0000,461.0000,5.0000,9.0000,59.0000,0.1181,0.1956,0.1977,0.2217
1497,-21.98445,19.14229,Forest,6.27,64.8,8.777777778,0.014021748,0.07812904,0.170275127,0.67300634,0.024674353,0.967365967,4654.0000,306.0000,43.0000,328.0000,6.0000,8.0000,55.0000,0.1451,0.2560,0.2624,0.2823
1498,-21.9896,19.14349,Forest,5.75,63.7,9.333333333,0.015700043,0.137386082,0.186713308,0.767545323,0.031226612,0.958041958,4452.0000,270.0000,27.0000,335.0000,3.0000,6.0000,55.0000,0.2000,0.2778,0.2528,0.4581
1499,-19.06835,18.91422,Forest,6.4,79.5,4,0.009069988,0.020893879,0.161852257,0.523968413,0.015513188,0.889277389,4908.0000,227.0000,60.0000,527.0000,4.0000,7.0000,37.0000,0.1659,0.3285,0.1276,0.2495
1500,-19.07036,18.91669,Forest,5.64,32,2.666666667,0.014210764,0.017483015,0.161852257,0.548437326,0.011194251,0.993006993,3996.0000,243.0000,20.0000,440.0000,2.0000,7.0000,45.0000,0.3677,0.4206,0.2883,0.6473
1501,-19.07367,18.92027,Forest,5.58,22.2,3.222222222,0.005601351,0.012800771,0.161852257,0.561784006,0.011330388,0.975524476,4350.0000,196.0000,17.0000,265.0000,2.0000,2.0000,37.0000,0.2592,0.3976,0.3867,0.4305
1502,-24.05694,15.79339,Grassland,8.13,129.8,8.555555556,0.003941303,0.009284074,0.135727084,0.007896786,0.021043291,0.763403263,3775.0000,153.0000,15.0000,387.0000,6.0000,3.0000,26.0000,0.3156,0.5187,0.2126,0.8220
1503,-24.05342,15.79053,Grassland,8.08,112.9,11.66666667,0.001109977,0.006727133,0.170275127,0.066844622,0.01589854,0.905594406,3975.0000,144.0000,29.0000,344.0000,4.0000,3.0000,28.0000,0.4011,0.4669,0.3512,0.4004
1504,-24.04877,15.78561,Grassland,8.15,114.8,7.888888889,0.001527555,0.00822985,0.186713308,0.070181292,0.013257134,0.434731935,3905.0000,106.0000,20.0000,308.0000,1.0000,0.0000,17.0000,0.3605,0.5064,0.3363,0.4473
1505,-22.95814,15.56169,Grassland,7.42,81.7,6.777777778,0.002727048,0.045362752,0.170275127,0.196974753,0.04495713,0.918414918,4417.0000,188.0000,33.0000,356.0000,4.0000,2.0000,37.0000,0.1617,0.3589,0.1598,0.3597
1506,-22.95741,15.54695,Grassland,7.34,95.4,7.222222222,0.003809846,0.036938884,0.17856104,0.237014793,0.045376859,0.966200466,4630.0000,193.0000,28.0000,260.0000,6.0000,4.0000,44.0000,0.1677,0.2691,0.3354,0.3872
1507,-24.34024,15.77173,Shrubland,8.18,265,23.88888889,0.002604366,0.015693972,0.210399822,0.012345679,0.027054016,0.793706294,3697.0000,131.0000,15.0000,249.0000,4.0000,1.0000,19.0000,0.4050,0.4370,0.4173,0.6331
1508,-24.33415,15.76662,Grassland,8.14,226,6.666666667,0.003558221,0.036649025,0.194735141,0.026804582,0.033063367,0.958041958,3360.0000,138.0000,23.0000,345.0000,4.0000,3.0000,23.0000,0.3519,0.6111,0.2344,0.5274
1509,-24.32231,15.75855,Grassland,8.32,122.6,4.111111111,0,0.013405132,0.170275127,0.029029029,0.014602906,0.977855478,3843.0000,149.0000,24.0000,354.0000,3.0000,3.0000,34.0000,0.3287,0.3877,0.2677,0.4434
1510,-25.13081,19.9786,Shrubland,6.29,54.8,3.222222222,0.003554333,0.023070183,0.17856104,0.092425759,0.038053793,0.658508159,4011.0000,215.0000,41.0000,387.0000,3.0000,4.0000,41.0000,0.2808,0.2321,0.1724,0.4261
1511,-25.12885,19.98408,Grassland,5.91,38.3,2.222222222,0.003850766,0.026199636,0.210399822,0.096874652,0.028308018,0.8997669,3742.0000,226.0000,29.0000,433.0000,1.0000,2.0000,49.0000,0.2921,0.2599,0.2271,0.4672
1512,-25.12635,19.98935,Grassland,6.04,39.4,1.888888889,0.002666309,0.019722514,0.153289006,0.138026916,0.039442623,0.87995338,3734.0000,234.0000,38.0000,442.0000,3.0000,7.0000,51.0000,0.3093,0.2162,0.2815,0.5076
1513,13.522,2.7025,Shrubland,4.97,84.2,14.44444444,0.007567142,0.027572718,0.144581834,0.225892559,0.022902605,0.927738928,3703.0000,247.0000,31.0000,449.0000,5.0000,2.0000,44.0000,0.4393,0.2862,0.2344,0.4856
1514,13.52344,2.70822,Shrubland,5.26,94.7,7.777777778,0.008314063,0.030664626,0.247484768,0.501723946,0.027375536,0.968531469,4100.0000,185.0000,46.0000,380.0000,2.0000,4.0000,28.0000,0.2799,0.4971,0.2228,0.4164
1515,13.19106,2.111,Shrubland,4.92,56.5,10,0.005956564,0.019709269,0.17856104,0.223668113,0.022446376,0.953379953,5222.0000,330.0000,86.0000,524.0000,22.0000,16.0000,60.0000,0.1440,0.2878,0.1051,0.2257
1516,13.19061,2.10764,Shrubland,4.71,52.8,10,0.005261972,0.013807783,0.170275127,0.284840396,0.019691678,0.984848485,2937.0000,198.0000,23.0000,342.0000,0.0000,9.0000,34.0000,0.6228,0.5191,0.4373,0.5121
1517,12.80572,2.15083,Shrubland,5.75,751,11.11111111,0.007137216,0.099700587,0.232993112,0.337114893,0.171953998,0.977855478,4273.0000,253.0000,44.0000,523.0000,3.0000,6.0000,51.0000,0.3393,0.4050,0.2761,0.2664
1518,12.80514,2.17553,Shrubland,4.9,55.7,10,0.007711659,0.024009111,0.144581834,0.224780336,0.030521285,0.979020979,4504.0000,204.0000,55.0000,443.0000,3.0000,10.0000,43.0000,0.4163,0.5049,0.3210,0.3243
1519,31.55473,35.21655,Shrubland,7.76,973,73.88888889,0.067365472,0.089516818,0.402490454,0.294850406,0.060515254,0.828671329,4357.0000,259.0000,63.0000,308.0000,7.0000,16.0000,41.0000,0.0992,0.2547,0.1854,0.2966
1520,31.55507,35.21578,Shrubland,7.75,799,75.55555556,0.070799306,0.1844729,0.382050143,0.171393616,0.062660744,0.832167832,4279.0000,265.0000,67.0000,305.0000,5.0000,13.0000,46.0000,0.0935,0.3091,0.1142,0.4235
1521,31.55444,35.21579,Shrubland,7.56,1060,75.22222222,0.051041965,0.149428427,0.402490454,0.320431543,0.063118537,0.874125874,4470.0000,263.0000,57.0000,334.0000,7.0000,17.0000,42.0000,0.1235,0.2086,0.0993,0.2606
1528,38.07486,-6.99667,Forest,6.36,196.7,57.77777778,0.122896761,0.298758549,0.407439837,0.170281393,0.070797899,0.565268065,3998.0000,325.0000,62.0000,361.0000,20.0000,21.0000,51.0000,0.1646,0.3026,0.1453,0.2320
1529,38.07808,-6.99596,Forest,6.37,234,42.88888889,0.126496964,0.302461496,0.426630084,0.097986876,0.081238592,0.937062937,4943.0000,305.0000,64.0000,356.0000,16.0000,15.0000,45.0000,0.1054,0.3612,0.1196,0.0882
1530,38.08376,-7.00648,Forest,5.69,149.7,38.77777778,0.070403081,0.253658179,0.382050143,0.479479479,0.043871538,0.98018648,4518.0000,235.0000,49.0000,242.0000,21.0000,3.0000,40.0000,0.2199,0.3279,0.3695,0.2298
1531,38.70364,-8.32043,Forest,6.69,338,33.77777778,0.1323759,0.245491498,0.392401326,0.491713936,0.10509745,0.976689977,5142.0000,322.0000,89.0000,428.0000,25.0000,9.0000,44.0000,0.1764,0.4264,0.1980,0.1690
1532,38.70527,-8.31967,Forest,6.44,287,30.33333333,0.10987765,0.158602804,0.407439837,0.445000556,0.080190847,0.965034965,5086.0000,276.0000,75.0000,328.0000,16.0000,10.0000,42.0000,0.1661,0.4991,0.2886,0.1558
1533,38.7083,-8.31899,Forest,6.01,217,31.33333333,0.075215789,0.106364275,0.366009238,0.459459459,0.055070096,0.977855478,5251.0000,319.0000,100.0000,384.0000,24.0000,12.0000,50.0000,0.2007,0.3707,0.3181,0.1568
1534,37.58968,-8.07378,Forest,5.71,317,30,0.055062137,0.174553479,0.240294252,0.045712379,0.041812507,0.891608392,4258.0000,323.0000,65.0000,470.0000,17.0000,9.0000,54.0000,0.1545,0.3472,0.1429,0.2381
1536,37.58949,-8.05996,Forest,6.2,186.5,9.888888889,0.085008802,0.09899946,0.387259126,0.150261372,0.059144734,0.965034965,5043.0000,334.0000,73.0000,544.0000,12.0000,15.0000,62.0000,0.0999,0.2152,0.1221,0.1343
1537,38.85531,-8.84724,Forest,6.23,803,25,0.031474062,0.037001254,0.337809472,0.066844622,0.133883199,0.827505828,4433.0000,249.0000,31.0000,551.0000,8.0000,8.0000,44.0000,0.2893,0.3999,0.3048,0.4106
1538,38.84673,-8.85405,Forest,5.72,404,21.22222222,0.079670799,0.036305094,0.261543837,0.348237126,0.081481676,0.684149184,4700.0000,247.0000,38.0000,501.0000,15.0000,2.0000,48.0000,0.2994,0.3507,0.2270,0.3061
1539,38.8468,-8.85658,Forest,4.83,88.7,16.11111111,0.086907341,0.040192263,0.218048592,0.417194973,0.030471441,0.982517483,4418.0000,236.0000,68.0000,308.0000,21.0000,4.0000,41.0000,0.3779,0.4685,0.3886,0.2585
1540,38.10917,-8.51801,Forest,5.24,284,39.77777778,0.1137725,0.238885461,0.392401326,0.050161272,0.071539085,0.956876457,4489.0000,303.0000,48.0000,358.0000,18.0000,5.0000,64.0000,0.1826,0.2546,0.2280,0.2698
1541,38.10661,-8.51733,Shrubland,5.25,260,41.66666667,0.167294302,0.28989075,0.453712178,0.047936826,0.086417907,0.988344988,4907.0000,274.0000,78.0000,412.0000,12.0000,10.0000,42.0000,0.1365,0.3009,0.2190,0.2217
1542,38.10872,-8.51155,Forest,5.55,141.7,37.66666667,0.098076073,0.121984067,0.407439837,0.240351463,0.043818419,0.988344988,5018.0000,365.0000,69.0000,433.0000,23.0000,8.0000,56.0000,0.2070,0.2822,0.2028,0.2988
1543,-33.09214,22.24269,Shrubland,7.9,1067,18.88888889,0.051014196,0.035760854,0.294921483,0.084640196,0.11541456,0.857808858,4429.0000,164.0000,49.0000,443.0000,1.0000,0.0000,32.0000,0.1632,0.2460,0.1546,0.2098
1544,-33.08915,22.24581,Shrubland,7.94,323,22.22222222,0.018513425,0.016890664,0.254567156,0.198086976,0.048126203,0.769230769,4770.0000,199.0000,45.0000,472.0000,3.0000,1.0000,45.0000,0.1278,0.1472,0.0742,0.2712
1545,-33.16652,22.26738,Shrubland,7.95,464,20,0.016092637,0.025808481,0.240294252,0.344900456,0.044319371,0.878787879,4746.0000,207.0000,36.0000,479.0000,7.0000,4.0000,39.0000,0.1626,0.1450,0.0985,0.2916
1546,-32.58716,24.76612,Shrubland,6.86,176,18.88888889,0.011539463,0.052266487,0.17856104,0.325992659,0.038525671,0.8997669,5189.0000,222.0000,51.0000,535.0000,4.0000,4.0000,40.0000,0.0949,0.1685,0.1049,0.3017
1547,-32.59074,24.76317,Shrubland,6.12,66.7,21.11111111,0.016010938,0.024244637,0.225578777,0.486152819,0.035401674,0.934731935,5017.0000,265.0000,45.0000,559.0000,7.0000,2.0000,46.0000,0.1190,0.1218,0.0458,0.3017
1548,-32.62215,24.68815,Shrubland,7.04,123.7,17.77777778,0.008730742,0.039549504,0.194735141,0.598487376,0.025187922,0.935897436,4962.0000,196.0000,49.0000,457.0000,2.0000,2.0000,41.0000,0.1391,0.1772,0.0845,0.3291
1549,-24.15138,27.28013,Forest,6.09,406,32.77777778,0.063022851,0.148549557,0.307609723,0.74641308,0.17712287,0.629370629,4459.0000,279.0000,54.0000,354.0000,4.0000,2.0000,49.0000,0.0818,0.1175,0.1673,0.1815
1550,-24.14875,27.2781,Forest,6.15,201,33.77777778,0.029000295,0.043469376,0.319943047,0.905461017,0.050931665,0.674825175,4714.0000,306.0000,59.0000,332.0000,5.0000,11.0000,50.0000,0.1502,0.2765,0.2022,0.4427
1551,-24.14367,27.27751,Forest,5.8,315,41.88888889,0.053316738,0.024980492,0.301310918,0.837615393,0.065092042,0.127039627,4971.0000,350.0000,78.0000,388.0000,6.0000,9.0000,61.0000,0.1531,0.2000,0.1196,0.2001
1552,-24.13912,27.28577,Forest,5.94,359,47.88888889,0.055665256,0.116140356,0.343602893,0.905461017,0.109471604,0.655011655,4734.0000,378.0000,85.0000,361.0000,9.0000,8.0000,67.0000,0.1443,0.2204,0.2357,0.1948
1553,-23.84714,29.69779,Grassland,5.92,100.5,21.55555556,0.021586286,0.035435344,0.247484768,0.977755533,0.039158654,0.868298368,4890.0000,401.0000,86.0000,507.0000,9.0000,13.0000,58.0000,0.2189,0.2755,0.1633,0.1228
1554,-23.84849,29.69502,Grassland,6.29,101.6,21.66666667,0.022112934,0.023270331,0.240294252,0.98665332,0.034141474,0.913752914,4957.0000,380.0000,99.0000,414.0000,13.0000,15.0000,74.0000,0.1354,0.3043,0.2969,0.1391
1555,-23.84961,29.6927,Grassland,6.27,102.4,17.88888889,0.023138053,0.018129008,0.261543837,0.961072183,0.032080736,0.916083916,4869.0000,353.0000,102.0000,481.0000,7.0000,9.0000,61.0000,0.1490,0.3068,0.1614,0.1366
1556,-23.82898,29.68705,Grassland,6.07,130.9,26,0.028863966,0.029113629,0.281862784,0.941052163,0.036740321,0.904428904,4832.0000,407.0000,92.0000,487.0000,10.0000,9.0000,66.0000,0.1718,0.3166,0.2023,0.1814
1557,-26.08351,26.21385,Grassland,7.01,592,17.66666667,0.059287075,0.071720455,0.343602893,0.86986987,0.094696493,0.685314685,4065.0000,332.0000,51.0000,466.0000,9.0000,4.0000,58.0000,0.1884,0.2235,0.1608,0.0512
1558,-26.08095,26.21334,Grassland,6.8,266,19.22222222,0.049292978,0.065260075,0.275189404,0.751974196,0.074938813,0.885780886,4527.0000,288.0000,74.0000,385.0000,6.0000,3.0000,45.0000,0.0935,0.1824,0.1689,0.2075
1559,-26.07894,26.21026,Grassland,6.22,94.2,20.55555556,0.033827676,0.05827371,0.294921483,0.677455233,0.029865057,0.843822844,4520.0000,359.0000,71.0000,496.0000,6.0000,8.0000,63.0000,0.1666,0.2578,0.1437,0.1510
1560,-26.07565,26.20792,Grassland,6.77,67.1,30.22222222,0.009868378,0.057776495,0.254567156,0.445000556,0.018615327,0.926573427,4180.0000,233.0000,36.0000,227.0000,4.0000,9.0000,46.0000,0.2304,0.2775,0.3273,0.6599
1561,-23.85603,31.24022,Forest,6,327,20,0.030602401,0.044282047,0.240294252,0.66966967,0.146416677,0.891608392,3912.0000,284.0000,49.0000,488.0000,3.0000,4.0000,57.0000,0.2267,0.2311,0.2235,0.2856
1562,-23.84789,31.22651,Forest,5.83,217,19.77777778,0.021329977,0.035661015,0.240294252,0.482816149,0.066310555,0.87995338,4495.0000,287.0000,74.0000,611.0000,10.0000,4.0000,44.0000,0.0918,0.1974,0.1039,0.2258
1563,-23.83262,31.21243,Forest,5.93,170.6,16.88888889,0.023839739,0.102887178,0.225578777,0.678567456,0.058335361,0.913752914,4770.0000,347.0000,88.0000,572.0000,10.0000,7.0000,62.0000,0.1266,0.1777,0.1345,0.1850
1564,-23.14474,29.56172,Forest,6.17,377,17.55555556,0.028558125,0.06061865,0.210399822,0.727505283,0.117057664,0.814685315,4483.0000,327.0000,119.0000,559.0000,8.0000,5.0000,60.0000,0.0889,0.1351,0.1147,0.1300
1565,-23.14224,29.56416,Forest,6.81,246,18.77777778,0.030874969,0.049482176,0.240294252,0.905461017,0.061276236,0.741258741,4626.0000,314.0000,105.0000,501.0000,8.0000,9.0000,42.0000,0.1500,0.2213,0.1519,0.0897
1566,-23.13721,29.56275,Forest,5.91,167.3,23,0.02742709,0.047600493,0.240294252,0.938827717,0.050758975,0.848484848,4718.0000,302.0000,91.0000,417.0000,4.0000,3.0000,47.0000,0.1444,0.1839,0.1313,0.1280
1567,-23.14033,29.61382,Forest,6.17,69.9,22,0.014821527,0.030142231,0.210399822,0.978867757,0.028727395,0.777389277,4636.0000,325.0000,70.0000,503.0000,9.0000,5.0000,56.0000,0.1178,0.2553,0.0895,0.1542
1568,40.18425,-3.62668,Shrubland,7.48,381,51.22222222,0.079988966,0.1223882,0.417154154,0.312645979,0.073394825,0.869463869,4384.0000,332.0000,59.0000,316.0000,14.0000,20.0000,48.0000,0.0907,0.2398,0.1773,0.2667
1569,40.18608,-3.62409,Shrubland,7.52,350,54.66666667,0.070273577,0.091785791,0.417154154,0.422756089,0.058008339,0.84965035,4284.0000,327.0000,61.0000,334.0000,14.0000,10.0000,54.0000,0.0744,0.2277,0.2113,0.2644
1570,40.18089,-3.6148,Shrubland,7.56,413,50.55555556,0.052338766,0.078836043,0.371426561,0.491713936,0.05554806,0.844988345,4483.0000,358.0000,73.0000,354.0000,18.0000,17.0000,63.0000,0.0919,0.2329,0.1166,0.1614
1571,39.76372,-5.94283,Forest,6.35,263,48.11111111,0.135200863,0.26126755,0.397478021,0.124680236,0.113100851,0.872960373,4469.0000,433.0000,67.0000,427.0000,23.0000,23.0000,59.0000,0.0660,0.2126,0.1695,0.1780
1572,39.75716,-5.93981,Forest,5.9,197.3,35.77777778,0.149886542,0.185620542,0.37677307,0.337114893,0.075293675,0.952214452,4810.0000,399.0000,93.0000,416.0000,16.0000,11.0000,66.0000,0.1284,0.3190,0.2319,0.1352
1573,39.75359,-5.93905,Forest,5.84,223,46.66666667,0.144789881,0.283474026,0.435876293,0.270381493,0.087293438,0.882284382,4637.0000,393.0000,75.0000,460.0000,17.0000,11.0000,56.0000,0.1302,0.2295,0.1747,0.1355
1574,39.75214,-5.93865,Forest,5.52,93.6,37.44444444,0.083708127,0.11481878,0.337809472,0.310421533,0.039486636,0.916083916,4696.0000,402.0000,69.0000,345.0000,18.0000,13.0000,55.0000,0.1918,0.2454,0.2194,0.2791
1575,39.73394,-4.41092,Shrubland,6.58,171.4,16.77777778,0.029486401,0.119932304,0.313819812,0.125792459,0.047147861,0.814685315,4196.0000,307.0000,81.0000,391.0000,13.0000,10.0000,47.0000,0.0053,0.1472,0.0544,0.1455
1576,39.73596,-4.41244,Shrubland,6.35,150.3,14.44444444,0.028402945,0.12209984,0.319943047,0.305972639,0.050909601,0.914918415,4232.0000,292.0000,76.0000,326.0000,14.0000,5.0000,60.0000,0.0000,0.0674,0.1276,0.2078
1577,39.73832,-4.41407,Shrubland,6.04,131.4,19.88888889,0.046387756,0.142865732,0.281862784,0.339339339,0.042893027,0.885780886,4056.0000,339.0000,71.0000,387.0000,14.0000,6.0000,59.0000,0.0383,0.2546,0.1347,0.0000
1578,39.74101,-4.41214,Forest,6.44,465,30.11111111,0.058598204,0.125414146,0.392401326,0.232565899,0.086025259,0.931235431,4518.0000,349.0000,56.0000,281.0000,21.0000,4.0000,58.0000,0.0073,0.2361,0.2083,0.2377
1584,41.77076,-0.59221,Shrubland,7.34,1829,62.44444444,0.128382937,0.145331387,0.407439837,0.705260816,0.040430685,0.785547786,4268.0000,281.0000,52.0000,160.0000,19.0000,6.0000,46.0000,0.2067,0.1986,0.5024,0.4490
1585,36.73875,-2.15989,Shrubland,6.76,344,33.11111111,0.041232578,0.140229919,0.319943047,0.382716049,0.164697971,0.730769231,4535.0000,311.0000,46.0000,432.0000,3.0000,6.0000,59.0000,0.0838,0.0713,0.1438,0.1081
1586,36.74239,-2.16047,Shrubland,7.48,1241,39.33333333,0.075441356,0.12285292,0.343602893,0.442776109,0.110488199,0.504662005,4417.0000,320.0000,71.0000,381.0000,8.0000,7.0000,51.0000,0.1145,0.1471,0.2090,0.2597
1587,36.74469,-2.16247,Grassland,7.51,732,39,0.045474085,0.096488558,0.301310918,0.775330886,0.046509643,0.926573427,4583.0000,276.0000,66.0000,298.0000,14.0000,9.0000,36.0000,0.0791,0.3901,0.1636,0.3628
1588,36.7463,-2.16335,Grassland,7.57,632,66.33333333,0.025488214,0.047963131,0.387259126,0.724168613,0.043518196,0.648018648,4462.0000,344.0000,82.0000,382.0000,8.0000,7.0000,60.0000,0.1101,0.2413,0.1372,0.1813
1589,37.61938,-3.76257,Forest,7.31,353,53.33333333,0.235486234,0.261255126,0.466544681,0.381603826,0.082514011,0.942890443,4456.0000,318.0000,59.0000,332.0000,19.0000,5.0000,52.0000,0.1027,0.3104,0.3251,0.2594
1590,37.61767,-3.75703,Forest,6.93,403,58.44444444,0.328945377,0.377342453,0.517342899,0.328217106,0.115265713,0.951048951,3951.0000,320.0000,68.0000,182.0000,24.0000,9.0000,57.0000,0.2106,0.4066,0.6123,0.5253
1591,37.61573,-3.75035,Forest,7.37,461,68.88888889,0.189176451,0.261464668,0.466544681,0.6329663,0.071022663,0.967365967,4427.0000,379.0000,96.0000,224.0000,25.0000,10.0000,68.0000,0.1799,0.5105,0.4007,0.2595
1592,37.61469,-3.74291,Forest,6.94,304,54.88888889,0.346396289,0.506464535,0.573905728,0.614058503,0.097893158,0.958041958,1697.0000,261.0000,41.0000,91.0000,23.0000,7.0000,40.0000,0.4633,0.6578,0.8278,0.6260
1593,37.11645,-2.47328,Shrubland,7.68,411,21.22222222,0.037229483,0.086227603,0.225578777,0.222555889,0.094492722,0.826340326,4475.0000,285.0000,50.0000,403.0000,8.0000,5.0000,41.0000,0.1319,0.1307,0.1246,0.2340
1594,37.11946,-2.48565,Grassland,7.28,268,22.44444444,0.049786994,0.148551867,0.261543837,0.363808253,0.059367033,0.817016317,4548.0000,331.0000,67.0000,367.0000,10.0000,8.0000,63.0000,0.0410,0.0709,0.0923,0.1590
1595,37.1226,-2.49928,Shrubland,7.44,409,21,0.055675062,0.12400178,0.275189404,0.740851963,0.073861422,0.81002331,4407.0000,335.0000,77.0000,513.0000,8.0000,10.0000,65.0000,0.0344,0.1124,0.0577,0.0988
1596,32.96496,10.06019,Shrubland,8.19,177,7,0.001971454,0.017852611,0.225578777,0.027916806,0.018373322,0.895104895,3150.0000,226.0000,60.0000,591.0000,10.0000,4.0000,47.0000,0.2883,0.3510,0.2162,0.2870
1597,32.96282,10.06901,Shrubland,7.94,196.6,8.333333333,0.003242027,0.019753272,0.17856104,0.223668113,0.0203883,0.752913753,3658.0000,223.0000,66.0000,512.0000,8.0000,3.0000,48.0000,0.2437,0.1500,0.2205,0.2463
1598,32.96191,10.07502,Shrubland,8.03,164.3,12.88888889,0.003167334,0.017525836,0.210399822,0.103547992,0.024464874,0.856643357,3573.0000,238.0000,42.0000,424.0000,9.0000,3.0000,49.0000,0.2447,0.2288,0.2676,0.4010
1599,32.9631,10.08028,Shrubland,8.16,150.7,7.222222222,0.003410489,0.010988246,0.210399822,0.122455789,0.023704557,0.679487179,3409.0000,175.0000,31.0000,477.0000,13.0000,1.0000,26.0000,0.2618,0.3789,0.2879,0.3629
1600,32.62329,11.19717,Shrubland,8.09,172.2,3.555555556,0.00344905,0.008327039,0.161852257,0.169169169,0.024231317,0.681818182,4051.0000,145.0000,27.0000,254.0000,2.0000,1.0000,23.0000,0.2345,0.3543,0.3451,0.3783
1601,32.65279,11.21104,Shrubland,8.01,211,7.111111111,0.003109536,0.029102477,0.17856104,0.101323546,0.026513203,0.792540793,3783.0000,180.0000,47.0000,348.0000,6.0000,0.0000,34.0000,0.2267,0.2904,0.3086,0.4043
1602,32.67423,11.23969,Shrubland,7.99,239,10.66666667,0.00669186,0.027402935,0.210399822,0.309309309,0.031338627,0.562937063,4190.0000,232.0000,46.0000,501.0000,7.0000,4.0000,38.0000,0.1823,0.1962,0.0800,0.4301
1603,38.20255,-109.7102,Grassland,7.9,232,8.888888889,0.006820573,0.060331479,0.17856104,0.288177066,0.021119486,0.797202797,3429.0000,258.0000,22.0000,472.0000,4.0000,0.0000,46.0000,0.2172,0.1307,0.1318,0.5505
1604,38.1843,-109.70668,Shrubland,8.08,173.9,4.444444444,0.00330819,0.017520875,0.161852257,0.220331443,0.015806261,0.815850816,4131.0000,252.0000,49.0000,527.0000,9.0000,5.0000,45.0000,0.1504,0.1523,0.0729,0.2258
1605,38.16517,-109.73295,Grassland,8.38,679,7.777777778,0.009288912,0.041692044,0.218048592,0.383828273,0.038963952,0,3831.0000,205.0000,34.0000,389.0000,7.0000,2.0000,34.0000,0.2163,0.1553,0.1932,0.3480
1606,36.97022,-111.60622,Shrubland,7.82,290,8.888888889,0.005357888,0.026886044,0.153289006,0.239239239,0.031752194,0.811188811,3568.0000,234.0000,36.0000,477.0000,8.0000,2.0000,31.0000,0.2374,0.1112,0.1579,0.5449
1607,36.96982,-111.6104,Shrubland,7.3,155.1,4.444444444,0.004572743,0.026907361,0.186713308,0.242575909,0.030479939,0.791375291,3740.0000,216.0000,24.0000,402.0000,10.0000,2.0000,43.0000,0.1553,0.1793,0.0893,0.5492
1608,36.97043,-111.6219,Shrubland,7.19,100.6,2.222222222,0.00381733,0.039716932,0.12672097,0.268157046,0.026493895,0.630536131,3730.0000,254.0000,30.0000,475.0000,7.0000,7.0000,48.0000,0.1611,0.1082,0.1200,0.4367
1609,36.97692,-111.51188,Shrubland,7.48,170.9,2.222222222,0.004557359,0.02596409,0.098754617,0.389389389,0.017204471,0.691142191,3971.0000,233.0000,24.0000,285.0000,7.0000,1.0000,42.0000,0.1897,0.2082,0.2188,0.3654
1610,29.47739,-103.91078,Shrubland,7.3,505,60.22222222,0.08202976,0.1112643,0.40115315,0.138026916,0.071137428,0.815850816,4706.0000,240.0000,52.0000,327.0000,5.0000,4.0000,33.0000,0.1424,0.1799,0.1811,0.2917
1611,29.47733,-103.91343,Shrubland,7.93,196,23.11111111,0.015773042,0.049353194,0.254567156,0.054610166,0.02039058,0.932400932,996.0000,167.0000,92.0000,317.0000,8.0000,1.0000,33.0000,0.8094,0.4428,0.4257,0.3068
1612,29.47818,-103.91525,Shrubland,7.73,104.6,28.66666667,0.019275662,0.025911642,0.26841716,0.104660216,0.04513564,0.742424242,4315.0000,265.0000,71.0000,520.0000,8.0000,1.0000,38.0000,0.1651,0.0520,0.0557,0.2411
1613,29.47967,-103.91946,Shrubland,7.62,187.6,24.44444444,0.032240985,0.055094392,0.261543837,0.145812479,0.045110558,0.885780886,4350.0000,248.0000,61.0000,410.0000,5.0000,2.0000,32.0000,0.1734,0.1562,0.1761,0.1994
1614,31.85045,-110.84743,Shrubland,6.02,98.8,16.55555556,0.023702912,0.026154701,0.202629643,0.658639222,0.042610385,0.883449883,4411.0000,227.0000,72.0000,427.0000,4.0000,4.0000,36.0000,0.1809,0.0536,0.1916,0.1810
1615,31.84871,-110.84769,Shrubland,5.78,134.9,16.55555556,0.030305338,0.045304814,0.301310918,0.512862377,0.054448692,0.889277389,4224.0000,230.0000,55.0000,460.0000,4.0000,2.0000,49.0000,0.1951,0.2101,0.1522,0.3320
1616,31.84646,-110.84751,Shrubland,6.48,320,19.55555556,0.038665707,0.061748054,0.288439448,0.661068836,0.124879747,0.923076923,4279.0000,260.0000,39.0000,487.0000,4.0000,3.0000,57.0000,0.1920,0.1666,0.2147,0.0819
1617,31.83848,-110.84397,Grassland,5.32,508,19.44444444,0.025883727,0.030048405,0.190658472,0.859082383,0.190574641,0.889277389,4507.0000,283.0000,69.0000,515.0000,7.0000,2.0000,56.0000,0.1354,0.1625,0.1469,0.1129
1618,31.88319,-110.89096,Shrubland,6.49,144.2,19.88888889,0.013665552,0.045850913,0.15680139,0.515291991,0.053729277,0.582750583,4583.0000,218.0000,40.0000,356.0000,4.0000,2.0000,38.0000,0.0931,0.1245,0.2040,0.2587
1619,31.88452,-110.88679,Shrubland,6.28,75.4,26.22222222,0.020393467,0.072617918,0.177875696,0.454551639,0.051093934,0.001165501,4844.0000,202.0000,58.0000,376.0000,6.0000,2.0000,35.0000,0.0838,0.1219,0.1567,0.2500
1620,31.8855,-110.8822,Shrubland,6.76,51.7,16,0.014792743,0.033803188,0.153289006,0.583321185,0.050560839,0.734265734,4814.0000,218.0000,61.0000,440.0000,5.0000,1.0000,39.0000,0.0993,0.2399,0.1273,0.1115
1621,31.88529,-110.88119,Shrubland,6.59,25.2,21.66666667,0.010760395,0.018571356,0.101481336,0.401100129,0.040206487,0.702797203,4354.0000,242.0000,78.0000,475.0000,4.0000,0.0000,52.0000,0.1462,0.0817,0.0401,0.2368
1622,31.7861,-110.82958,Grassland,5.82,113.9,11.22222222,0.030453646,0.065049974,0.202629643,0.778905119,0.07338164,0.893939394,4044.0000,274.0000,42.0000,448.0000,10.0000,5.0000,49.0000,0.1135,0.1816,0.1639,0.1805
1623,31.78614,-110.82741,Grassland,6.08,79.2,18,0.018738664,0.049548016,0.190658472,0.965985403,0.046621462,0.913752914,4519.0000,269.0000,73.0000,574.0000,6.0000,4.0000,64.0000,0.1061,0.1918,0.0836,0.3817
1624,31.78635,-110.82431,Grassland,5.57,42.6,16.11111111,0.030835141,0.060883104,0.160434891,0.961126175,0.069982716,0.782051282,4483.0000,298.0000,58.0000,438.0000,5.0000,2.0000,53.0000,0.1306,0.1847,0.1337,0.3030
1625,32.57111,-106.813,Shrubland,7.38,99.6,10.55555556,0.004997163,0.030075058,0.194735141,0.378267156,0.029742253,0.67016317,4080.0000,211.0000,38.0000,242.0000,4.0000,0.0000,46.0000,0.1448,0.1764,0.4236,0.4247
1626,32.57397,-106.8083,Grassland,7.7,113,11.11111111,0.00650584,0.030645798,0.186713308,0.52619286,0.024582086,0.909090909,4275.0000,219.0000,41.0000,350.0000,6.0000,2.0000,41.0000,0.1698,0.2558,0.1802,0.3402
1627,32.5785,-106.8068,Grassland,7.74,116.8,9.888888889,0.004825789,0.011866944,0.161852257,0.487265043,0.019737205,0.918414918,4392.0000,243.0000,46.0000,360.0000,2.0000,7.0000,51.0000,0.1669,0.2488,0.1832,0.3437
1628,32.60116,-106.8326,Shrubland,7.28,130.1,12.33333333,0.004799552,0.033017859,0.210399822,0.521743966,0.019220999,0.742424242,4283.0000,250.0000,67.0000,443.0000,5.0000,4.0000,53.0000,0.1774,0.2492,0.1981,0.2204
1629,8.42324,-65.42483,Grassland,5.46,43.2,1.777777778,0.008042319,0.016432395,0.194735141,0.94327661,0.021515574,0.984848485,3352.0000,256.0000,45.0000,445.0000,5.0000,6.0000,44.0000,0.5990,0.4718,0.3779,0.4998
1630,8.4272,-65.41502,Grassland,5.27,46.6,17.11111111,0.016927701,0.022025264,0.240294252,0.995551107,0.011580703,0.976689977,3618.0000,362.0000,48.0000,372.0000,5.0000,7.0000,73.0000,0.5798,0.4811,0.3558,0.3803
1631,8.44993,-65.39954,Grassland,5.04,28.1,3.333333333,0.00590839,0.023875905,0.161852257,0.918807697,0.009400723,0.998834499,3445.0000,250.0000,28.0000,351.0000,3.0000,5.0000,43.0000,0.6045,0.5250,0.4854,0.5730
