PA_rank,LC,emmean,lower.HPD,upper.HPD,fns,scale
3,Cropland,-5226.110444631181,-34212.77006163445,34363.429717483625,Soil_carbon_service,continental
5,Cropland,7.6187723453904255,-80.75040616245678,92.79101090409313,Soil_carbon_service,continental
6,Cropland,17.045041379182294,-8.315410056580731,40.46050858016679,Soil_carbon_service,continental
7,Cropland,21.71867826655398,-40.052816976047325,83.3050827242514,Soil_carbon_service,continental
8,Cropland,22.00998251735291,-0.3854843269873527,43.71762111024873,Soil_carbon_service,continental
9,Cropland,38.942918122792435,-5.365498945317086,82.35516247150008,Soil_carbon_service,continental
Unprotected,Cropland,18.36855702457615,13.378362536735949,23.72463966563737,Soil_carbon_service,continental
3,Grassland,18.047428964541723,-71.22911955272866,106.3541179294325,Soil_carbon_service,continental
5,Grassland,22.049352536560036,-21.11275064176516,67.36339066525579,Soil_carbon_service,continental
6,Grassland,62.29779397788843,37.83424990503045,86.513164068604965,Soil_carbon_service,continental
7,Grassland,117382841.8579109,-226000015.2387242,569677257.8110476,Soil_carbon_service,continental
8,Grassland,38.54841692350192,19.801529775581002,56.97892738189876,Soil_carbon_service,continental
9,Grassland,30.14939234528447,-9.930006930644595,68.24087461331555,Soil_carbon_service,continental
Unprotected,Grassland,32.79353242789057,24.963938222899742,40.8791889718741,Soil_carbon_service,continental
3,Woodland,51.39334111006974,-9.376845592732025,116.84366209737709,Soil_carbon_service,continental
5,Woodland,46.28053059127524,-15.512812174220016,106.34566119603551,Soil_carbon_service,continental
6,Woodland,75.71668261004669,56.08118954283054,96.4057405883359,Soil_carbon_service,continental
7,Woodland,49.67839495762746,5.357439437713765,93.21614366440372,Soil_carbon_service,continental
8,Woodland,40.511427236151576,18.0968193684821,63.41332245839112,Soil_carbon_service,continental
9,Woodland,23.245502173760087,-15.231877279087712,62.773275811803614,Soil_carbon_service,continental
Unprotected,Woodland,66.55708309988222,60.12090632203035,72.76469123741686,Soil_carbon_service,continental
3,Cropland,127.50368558363354,-313.6413459297278,659.9166105443373,OM_decomposition_service,continental
5,Cropland,-0.4439353478235404,-1.8119163740388444,1.014962865179939,OM_decomposition_service,continental
6,Cropland,-0.3414035159089792,-0.7300566064285761,0.053595182822164134,OM_decomposition_service,continental
7,Cropland,-0.34230441258457844,-1.3304297273208476,0.6787803715634624,OM_decomposition_service,continental
8,Cropland,-0.35998514991786124,-0.7222212048347671,-0.021472810870477588,OM_decomposition_service,continental
9,Cropland,-0.37538049747663393,-1.0861748187932747,0.32340635738194123,OM_decomposition_service,continental
Unprotected,Cropland,-0.3460331747771903,-0.42625292043021545,-0.2632610039389789,OM_decomposition_service,continental
3,Grassland,-0.3144877146492604,-1.7560331546104067,1.030150740847148,OM_decomposition_service,continental
5,Grassland,0.06278355991153717,-0.6408289391411301,0.7651735821132206,OM_decomposition_service,continental
6,Grassland,0.17858937706876077,-0.20695736256317332,0.5739818445028959,OM_decomposition_service,continental
7,Grassland,-722065.3202621845,-7360034.883765942,4514502.705312215,OM_decomposition_service,continental
8,Grassland,-0.04217227784783972,-0.3375780884542223,0.26477668652964326,OM_decomposition_service,continental
9,Grassland,-0.08751002478337,-0.7228394863039398,0.5357525227456676,OM_decomposition_service,continental
Unprotected,Grassland,-0.06230096609361624,-0.18835248401819626,0.06478317326934757,OM_decomposition_service,continental
3,Woodland,0.41592940568939696,-0.557769995740756,1.4207980759774728,OM_decomposition_service,continental
5,Woodland,0.09589908189305518,-0.9098942587394845,1.0808426457741689,OM_decomposition_service,continental
6,Woodland,0.26348048672763014,-0.057753429250340105,0.5854317478911071,OM_decomposition_service,continental
7,Woodland,-0.25594571278747935,-0.9658197324197317,0.4346886361017823,OM_decomposition_service,continental
8,Woodland,0.12351340106124553,-0.24214141265690614,0.4863960532229612,OM_decomposition_service,continental
9,Woodland,-0.24496204529252452,-0.8649209352855678,0.39746467403762153,OM_decomposition_service,continental
Unprotected,Woodland,0.29286981738869144,0.1931232906133573,0.39334536206951043,OM_decomposition_service,continental
3,Cropland,-42.17710130663552,-446.37278294578425,212.37554639265633,Soil_stability_service,continental
5,Cropland,0.02868119883349607,-1.6160561938298414,1.6909766232634187,Soil_stability_service,continental
6,Cropland,0.17489444806598442,-0.2744111023382061,0.6243777408577174,Soil_stability_service,continental
7,Cropland,0.3603147595469345,-0.810676538290295,1.4818938658332286,Soil_stability_service,continental
8,Cropland,-0.08096169449690649,-0.4842024492587669,0.32259124757791824,Soil_stability_service,continental
9,Cropland,-1.135346754802594,-1.9637180985408413,-0.33699818795739134,Soil_stability_service,continental
Unprotected,Cropland,-0.09590411014442424,-0.1919878019273824,-0.0026391203662115004,Soil_stability_service,continental
3,Grassland,-0.7899541852097585,-2.422095267569212,0.8102844786987191,Soil_stability_service,continental
5,Grassland,0.5263809680391525,-0.295061436083337,1.323912611469737,Soil_stability_service,continental
6,Grassland,0.4964448948688087,0.039357516716279406,0.9585709947813541,Soil_stability_service,continental
7,Grassland,5865056.998749567,-16612994.579188988,35583482.10035738,Soil_stability_service,continental
8,Grassland,0.2874270133181773,-0.062235588842412426,0.6355604934427106,Soil_stability_service,continental
9,Grassland,0.7214710603075645,-0.0221929263445233,1.4348383729773673,Soil_stability_service,continental
Unprotected,Grassland,0.3701928767679519,0.22399166062723452,0.5170829548376901,Soil_stability_service,continental
3,Woodland,-0.5239438346947907,-1.6805201129301963,0.6032733365086642,Soil_stability_service,continental
5,Woodland,0.39750137064867985,-0.6902691496189277,1.6117968982926634,Soil_stability_service,continental
6,Woodland,-0.14474411398707332,-0.5123586721008948,0.2356336881397425,Soil_stability_service,continental
7,Woodland,0.08242024827377747,-0.7379287518800055,0.9082016433290754,Soil_stability_service,continental
8,Woodland,0.13570950751540067,-0.28774878261629055,0.5569050818619417,Soil_stability_service,continental
9,Woodland,-0.7069630160826179,-1.4276231443058585,0.03319316970902264,Soil_stability_service,continental
Unprotected,Woodland,-0.12772393140303606,-0.2413589315359559,-0.010473970479893069,Soil_stability_service,continental
3,Cropland,83.72324531866488,-624.7292972186393,344.2097839871449,Nutrient_service,continental
5,Cropland,-0.3292698833184886,-1.4337552366537878,0.7638528504295437,Nutrient_service,continental
6,Cropland,0.01405402058854932,-0.3007082770392344,0.307388705714871,Nutrient_service,continental
7,Cropland,1.0228708583936026,0.266642022334338,1.812600488158182,Nutrient_service,continental
8,Cropland,-0.017981918909114825,-0.29108310420899386,0.2561672436694664,Nutrient_service,continental
9,Cropland,0.41798333188788206,-0.14444481119762287,0.9557295727340716,Nutrient_service,continental
Unprotected,Cropland,0.04359458296715957,-0.020961269488509515,0.10795310323999274,Nutrient_service,continental
3,Grassland,-0.07150954184487546,-1.1629488227115985,1.0046674404990767,Nutrient_service,continental
5,Grassland,-0.27873225167613214,-0.8193079206099583,0.2736383746116928,Nutrient_service,continental
6,Grassland,0.10769047643624674,-0.19226488027106825,0.4116436713335929,Nutrient_service,continental
7,Grassland,255379.2981827315,-5798585.410083507,217637189.8750539,Nutrient_service,continental
8,Grassland,-0.08188190494240644,-0.3183423642199159,0.14782636934509696,Nutrient_service,continental
9,Grassland,-0.15446686175293678,-0.6478766679719854,0.3381705463270208,Nutrient_service,continental
Unprotected,Grassland,-0.0798856487735975,-0.17994673037776465,0.018884272529703594,Nutrient_service,continental
3,Woodland,-0.19113181005898383,-0.9504416744069317,0.6088006893036209,Nutrient_service,continental
5,Woodland,-0.3799636925954033,-1.1619333548964335,0.3986206432757484,Nutrient_service,continental
6,Woodland,0.045921517719335725,-0.20808801292321277,0.2954904088148851,Nutrient_service,continental
7,Woodland,-0.3764532144783317,-0.9206239030615961,0.17008809466874197,Nutrient_service,continental
8,Woodland,-0.2959952723134336,-0.5740268089723486,-0.0043755630746318275,Nutrient_service,continental
9,Woodland,-0.04145088542334463,-0.5419422205428361,0.44567179224299025,Nutrient_service,continental
Unprotected,Woodland,-0.19241353106617254,-0.27082399793164313,-0.11470894272623866,Nutrient_service,continental
3,Cropland,13.0099318836551,-55.56461915575596,61.382501490402184,Pathogen_control,continental
5,Cropland,0.9284903167104144,0.8115159252372166,1.0462113102717439,Pathogen_control,continental
6,Cropland,0.9160903896463211,0.8834077695781417,0.9490467879631179,Pathogen_control,continental
7,Cropland,0.9507186089476365,0.8661407015047367,1.0346070063881427,Pathogen_control,continental
8,Cropland,0.9179913318671442,0.8884665859109013,0.9483448446168978,Pathogen_control,continental
9,Cropland,0.9110402515370497,0.8510963344863285,0.9712699613728688,Pathogen_control,continental
Unprotected,Cropland,0.909683115067633,0.9025358538292148,0.9162869069468513,Pathogen_control,continental
3,Grassland,0.8583713730780059,0.7443233230656858,0.9804858519497799,Pathogen_control,continental
5,Grassland,0.9547540230999711,0.8950495851123552,1.0132753218117756,Pathogen_control,continental
6,Grassland,0.9749057081890338,0.9430165695726228,1.0074533029057804,Pathogen_control,continental
7,Grassland,-67202.39863571756,-3230762.6656593243,2978692.8243299937,Pathogen_control,continental
8,Grassland,0.9392651862486243,0.9133579171404689,0.9642519293380047,Pathogen_control,continental
9,Grassland,0.974714338231383,0.9225251587742278,1.0283464474330426,Pathogen_control,continental
Unprotected,Grassland,0.9525134184271931,0.9418247644540063,0.963226823034141,Pathogen_control,continental
3,Woodland,0.985828650000439,0.9033032454984347,1.0688211527667733,Pathogen_control,continental
5,Woodland,0.985747638087549,0.900822581085869,1.0698815549709693,Pathogen_control,continental
6,Woodland,0.9680365519306715,0.9409551033925538,0.9954174467335628,Pathogen_control,continental
7,Woodland,0.9932163989541838,0.9326203048712713,1.0508616367174852,Pathogen_control,continental
8,Woodland,0.9688034032692219,0.9375508417413236,0.9984621562909766,Pathogen_control,continental
9,Woodland,0.975047461356076,0.9240557128617937,1.0302464076834852,Pathogen_control,continental
Unprotected,Woodland,0.9747020273968499,0.9659236433878249,0.9828680972703747,Pathogen_control,continental
3,Cropland,-1588.1164209920528,-217810.40871200614,262184.6236129753,Bac_richness,continental
5,Cropland,2486.9842703512622,1804.6996337286546,3178.237551943301,Bac_richness,continental
6,Cropland,2821.365872837836,2630.0480353356943,3011.4217189005376,Bac_richness,continental
7,Cropland,2680.9770056704856,2192.3383126827284,3160.981856477076,Bac_richness,continental
8,Cropland,2382.4134949437503,2205.8710116225193,2545.2635038183653,Bac_richness,continental
9,Cropland,2572.3940561537165,2226.151035349787,2913.402204262129,Bac_richness,continental
Unprotected,Cropland,2660.3340418919397,2620.794100735373,2700.817493581475,Bac_richness,continental
3,Grassland,2688.244472412909,1992.1257908314292,3367.0111456979066,Bac_richness,continental
5,Grassland,2529.622134633204,2180.7193378222873,2870.8604495416294,Bac_richness,continental
6,Grassland,2464.91238579729,2277.697804007592,2655.7639116177306,Bac_richness,continental
7,Grassland,-604835889.2753191,-4754029189.265004,2870369926.657343,Bac_richness,continental
8,Grassland,2540.0603044893505,2395.1383936389466,2687.240112570522,Bac_richness,continental
9,Grassland,2449.8903571088886,2138.0889629907906,2754.809544163625,Bac_richness,continental
Unprotected,Grassland,2591.1658044128417,2528.5762869808677,2653.2874212613387,Bac_richness,continental
3,Woodland,2709.387035089352,2227.843145932595,3216.1323569992674,Bac_richness,continental
5,Woodland,2138.7405718228183,1636.2919880840345,2612.1851827273204,Bac_richness,continental
6,Woodland,2167.1416925639933,2005.837513383427,2321.0577292180387,Bac_richness,continental
7,Woodland,2497.146180595839,2156.760715327371,2835.6794199650794,Bac_richness,continental
8,Woodland,2474.3440890585516,2294.711024063712,2645.2888235829596,Bac_richness,continental
9,Woodland,2281.8720762165176,1978.5074561239744,2589.1024726049945,Bac_richness,continental
Unprotected,Woodland,2127.781790904817,2079.8742827809183,2176.8603174626733,Bac_richness,continental
3,Cropland,-15514.531683050816,-90902.95467023674,67427.0329497484,Fungi_richness,continental
5,Cropland,392.5158172785559,192.29831451281643,604.5659308721297,Fungi_richness,continental
6,Cropland,260.6868030449491,204.98818511964782,318.99293085289537,Fungi_richness,continental
7,Cropland,191.79844432045138,44.546745517513955,332.8531502830301,Fungi_richness,continental
8,Cropland,216.27705765368228,165.90543084070487,267.51148267188944,Fungi_richness,continental
9,Cropland,288.05981086075735,187.45371785687166,393.0978835410556,Fungi_richness,continental
Unprotected,Cropland,248.53033534949554,236.43573086955257,260.54954219825595,Fungi_richness,continental
3,Grassland,254.699037476159,50.10673267549282,458.1323098511566,Fungi_richness,continental
5,Grassland,288.75116038213855,185.58170427336154,391.42863610335917,Fungi_richness,continental
6,Grassland,180.52026039167504,123.11978622729657,236.91030481649796,Fungi_richness,continental
7,Grassland,153998823.79883617,-1292128878.1916103,3232675045.1367126,Fungi_richness,continental
8,Grassland,217.08994727750905,172.58968324012403,261.2018302557117,Fungi_richness,continental
9,Grassland,211.59525416192264,121.93083162674611,304.472014385683,Fungi_richness,continental
Unprotected,Grassland,209.64821949517682,191.48791176027225,228.67320851746967,Fungi_richness,continental
3,Woodland,150.90234873224426,0.1642940112942597,292.0782504079416,Fungi_richness,continental
5,Woodland,207.1477434491453,56.99054998913198,350.72787061440613,Fungi_richness,continental
6,Woodland,227.14663418935925,180.09737129305722,274.22202974273023,Fungi_richness,continental
7,Woodland,363.39733077984056,262.9284555143313,469.32966342251166,Fungi_richness,continental
8,Woodland,295.5758680745589,241.46810767309216,347.17840687379066,Fungi_richness,continental
9,Woodland,167.20262812777037,72.53735147181578,255.99541714722727,Fungi_richness,continental
Unprotected,Woodland,242.45669960035593,227.74133118699683,256.884086947357,Fungi_richness,continental
3,Cropland,5245.8330065897335,-30986.853220074532,42742.61197070092,Invertebrate_richness,continental
5,Cropland,34.325988641291474,-41.878742459102796,112.16174251761151,Invertebrate_richness,continental
6,Cropland,37.6394977138325,16.636236356160225,59.21095920425432,Invertebrate_richness,continental
7,Cropland,44.794513746385746,-8.364062768854637,99.91782731131661,Invertebrate_richness,continental
8,Cropland,27.45072627918489,7.984449226412835,45.9298214711489,Invertebrate_richness,continental
9,Cropland,49.60299789495093,10.116305789881153,87.84987960977742,Invertebrate_richness,continental
Unprotected,Cropland,41.935881626568744,37.39809520701965,46.29892192212719,Invertebrate_richness,continental
3,Grassland,44.312500337566235,-33.668841127248015,120.18441976056147,Invertebrate_richness,continental
5,Grassland,45.293812308729684,5.486456110382278,82.15325342326469,Invertebrate_richness,continental
6,Grassland,34.24087055662039,13.016585041146755,55.51970776354665,Invertebrate_richness,continental
7,Grassland,-37766504.41981801,-8224835772.809465,287464445.8102021,Invertebrate_richness,continental
8,Grassland,38.905805914162556,21.818232694731705,54.668776105689176,Invertebrate_richness,continental
9,Grassland,34.8524364154091,0.15815126943198266,69.03089347814603,Invertebrate_richness,continental
Unprotected,Grassland,37.61113413684507,30.51746362429185,44.39921158392622,Invertebrate_richness,continental
3,Woodland,19.792971909473636,-34.186469100220165,75.00774324473787,Invertebrate_richness,continental
5,Woodland,41.47962935240321,-11.569047710268933,96.82526861990846,Invertebrate_richness,continental
6,Woodland,77.00026665675341,59.65289405508884,94.73806482547752,Invertebrate_richness,continental
7,Woodland,28.70212302836626,-9.453871162701034,66.84684747859865,Invertebrate_richness,continental
8,Woodland,52.718169868264795,33.14422196453961,72.38094924943289,Invertebrate_richness,continental
9,Woodland,27.584835579797073,-6.863249734211422,61.80050070823745,Invertebrate_richness,continental
Unprotected,Woodland,48.55689516035818,43.221445973567825,54.130077181478555,Invertebrate_richness,continental
3,Cropland,686.9467940130961,-169166.5718712364,85570.53012032429,Protist_richness,continental
5,Cropland,259.2102648443042,49.49066612579918,468.41796386800706,Protist_richness,continental
6,Cropland,267.63551195026355,207.73915765881975,324.24703897049767,Protist_richness,continental
7,Cropland,165.49655373946007,14.01509111899577,308.1584079643799,Protist_richness,continental
8,Cropland,206.53351963793466,156.07012082562505,261.124182969259,Protist_richness,continental
9,Cropland,405.16395174612717,303.80164501006584,512.4513594278906,Protist_richness,continental
Unprotected,Cropland,252.388580715,240.373622240877,265.05816419764597,Protist_richness,continental
3,Grassland,312.3265616078961,103.13635894667277,519.8781295276749,Protist_richness,continental
5,Grassland,202.63972924811878,100.70544208810679,309.20970472604495,Protist_richness,continental
6,Grassland,135.27901538094693,77.02492540204548,193.45212634270683,Protist_richness,continental
7,Grassland,-91061782.24630353,-5130051284.125969,759892536.4357928,Protist_richness,continental
8,Grassland,205.24395115815423,159.52138634417497,250.10333521853318,Protist_richness,continental
9,Grassland,157.29959134854607,62.3344292119873,249.82288381717945,Protist_richness,continental
Unprotected,Grassland,197.80181754099158,179.4340652860992,216.63487734835417,Protist_richness,continental
3,Woodland,129.2503756979695,-18.264225532329874,276.45555146198603,Protist_richness,continental
5,Woodland,141.98417771032655,-7.168944346165517,288.9090105399373,Protist_richness,continental
6,Woodland,188.17039838286655,139.24065047073236,235.66561573806393,Protist_richness,continental
7,Woodland,147.55578215629976,38.90963556460338,248.9933423324219,Protist_richness,continental
8,Woodland,224.13710932928188,168.8101732138639,278.21741885047777,Protist_richness,continental
9,Woodland,193.04539833673562,99.59333322947714,286.56562534775003,Protist_richness,continental
Unprotected,Woodland,162.90169820086703,148.1991032978367,177.6464403733262,Protist_richness,continental
3,Cropland,1936.2716875339388,-5820.841962581535,7039.530247883658,Nematode_richness,continental
5,Cropland,30.017985919022863,9.356305811030325,51.853426568939426,Nematode_richness,continental
6,Cropland,20.29293488887015,14.404301318443686,25.94278423709784,Nematode_richness,continental
7,Cropland,17.991555973480786,3.149407239317952,32.46442044061541,Nematode_richness,continental
8,Cropland,16.341829101005146,11.06860799345759,21.544013789699875,Nematode_richness,continental
9,Cropland,24.197492289144748,13.900989913782723,34.828764728728856,Nematode_richness,continental
Unprotected,Cropland,20.719796471625386,19.530525499410032,21.95361473799403,Nematode_richness,continental
3,Grassland,14.960234105377822,-6.576719777486687,35.50923305472497,Nematode_richness,continental
5,Grassland,27.443354987969542,16.972594675961773,37.98513164968517,Nematode_richness,continental
6,Grassland,15.740119814532022,9.871418000281665,21.561601923863464,Nematode_richness,continental
7,Grassland,-719115.8571046138,-828695467.1661772,2751283925.463744,Nematode_richness,continental
8,Grassland,18.84424246838762,14.528996780512557,23.434686990353384,Nematode_richness,continental
9,Grassland,19.186661116811138,9.501826852601198,28.365079578632503,Nematode_richness,continental
Unprotected,Grassland,18.36663508608467,16.506000585235597,20.2592180355623,Nematode_richness,continental
3,Woodland,6.45891075953341,-8.525137193935166,20.892436008050026,Nematode_richness,continental
5,Woodland,4.478832526661108,-10.209780237356426,19.413615428246885,Nematode_richness,continental
6,Woodland,18.89471831283754,14.119786692479238,23.74906044794443,Nematode_richness,continental
7,Woodland,16.790820860577128,6.287455139224676,27.28815202782789,Nematode_richness,continental
8,Woodland,23.608150014437797,18.14368047365633,28.876679363040694,Nematode_richness,continental
9,Woodland,17.897261852258453,8.572923060253743,27.32802092744896,Nematode_richness,continental
Unprotected,Woodland,16.59693918772564,15.108149182310626,18.06819362719034,Nematode_richness,continental
3,Cropland,-189.4570742099345,-342.3126953594093,423.8218043302907,Bac_shannonDiv,continental
5,Cropland,6.764722218427551,5.973355882385221,7.482199239019934,Bac_shannonDiv,continental
6,Cropland,6.992060149735963,6.778404877198625,7.204237841400527,Bac_shannonDiv,continental
7,Cropland,6.917194306946399,6.364685316372828,7.439976470828526,Bac_shannonDiv,continental
8,Cropland,6.64154372090897,6.452742923454139,6.83281261070249,Bac_shannonDiv,continental
9,Cropland,6.793988986701679,6.420240946366562,7.1764206966088295,Bac_shannonDiv,continental
Unprotected,Cropland,6.861395854821758,6.816268050032136,6.905034888107423,Bac_shannonDiv,continental
3,Grassland,6.7932765609131,6.0352252675309614,7.550178144702443,Bac_shannonDiv,continental
5,Grassland,6.75158677250613,6.360976966478006,7.1244736534229105,Bac_shannonDiv,continental
6,Grassland,6.5718461865726,6.364879859647743,6.785639616790945,Bac_shannonDiv,continental
7,Grassland,38061.987235719294,-3509355.1338915695,3777935.7678143475,Bac_shannonDiv,continental
8,Grassland,6.719051974974775,6.556455261595033,6.878950048201375,Bac_shannonDiv,continental
9,Grassland,6.681138285171784,6.3424511468294895,7.019395186269463,Bac_shannonDiv,continental
Unprotected,Grassland,6.769067898026208,6.700939095721168,6.838867619601928,Bac_shannonDiv,continental
3,Woodland,6.84107587502794,6.319772487026768,7.380870712650648,Bac_shannonDiv,continental
5,Woodland,6.36463460330387,5.823856402218311,6.906154762426695,Bac_shannonDiv,continental
6,Woodland,6.258365183821681,6.08551627825193,6.434728561792269,Bac_shannonDiv,continental
7,Woodland,6.627279232248412,6.247261650985962,7.007615342086467,Bac_shannonDiv,continental
8,Woodland,6.593741586734126,6.397433871887415,6.788118518281806,Bac_shannonDiv,continental
9,Woodland,6.446561067720637,6.1146729420553925,6.787979566679724,Bac_shannonDiv,continental
Unprotected,Woodland,6.220290595209491,6.16400487438122,6.272752201979529,Bac_shannonDiv,continental
3,Cropland,220.0815239071092,-387.7999195293748,600.494284362701,Fungi_shannonDiv,continental
5,Cropland,4.511575478644559,3.150081093405845,5.807441255840757,Fungi_shannonDiv,continental
6,Cropland,3.8145038806813005,3.4446542345860394,4.181531245807605,Fungi_shannonDiv,continental
7,Cropland,2.9350844563714986,2.0055609546054143,3.8937753149107266,Fungi_shannonDiv,continental
8,Cropland,3.766699053466695,3.4283237117602425,4.094971557494858,Fungi_shannonDiv,continental
9,Cropland,4.330719737299063,3.6735071886854485,5.0086987945177555,Fungi_shannonDiv,continental
Unprotected,Cropland,3.9415886845941372,3.8653817103161145,4.018905240864001,Fungi_shannonDiv,continental
3,Grassland,3.818146289116129,2.492019855988815,5.169510950183305,Fungi_shannonDiv,continental
5,Grassland,4.193537500111589,3.5292946005012595,4.875300088454821,Fungi_shannonDiv,continental
6,Grassland,3.6582280843938975,3.2835146968789104,4.033836497457926,Fungi_shannonDiv,continental
7,Grassland,-729417.9631662443,-22902526.30791806,22326190.503323674,Fungi_shannonDiv,continental
8,Grassland,3.7045357764199025,3.4203790917961214,3.986133122698675,Fungi_shannonDiv,continental
9,Grassland,3.465963598735158,2.874134029981917,4.056941040677714,Fungi_shannonDiv,continental
Unprotected,Grassland,3.8133973805765677,3.6934460944210628,3.9311469140538406,Fungi_shannonDiv,continental
3,Woodland,2.8445740178679415,1.8928812405717395,3.7859482656402292,Fungi_shannonDiv,continental
5,Woodland,3.6364710749474938,2.7045099106017005,4.605809457752571,Fungi_shannonDiv,continental
6,Woodland,3.6676075217019957,3.365611845479396,3.9763877538986208,Fungi_shannonDiv,continental
7,Woodland,4.045956884779798,3.3712163562930755,4.699583613761149,Fungi_shannonDiv,continental
8,Woodland,4.155844560467557,3.809014488949458,4.500343047646311,Fungi_shannonDiv,continental
9,Woodland,3.4739748474798375,2.8753323784409304,4.060522921291408,Fungi_shannonDiv,continental
Unprotected,Woodland,3.780888787674119,3.6895898530634668,3.8766723758795933,Fungi_shannonDiv,continental
3,Cropland,423.74403996138483,-84.01250504819608,1374.1188047870255,Invertebrate_shannonDiv,continental
5,Cropland,2.751034859694471,1.189282014910475,4.368685958729316,Invertebrate_shannonDiv,continental
6,Cropland,2.0554177203195962,1.6130766838706165,2.476934062756527,Invertebrate_shannonDiv,continental
7,Cropland,2.2123105598575137,1.1420684674053518,3.3616877373494276,Invertebrate_shannonDiv,continental
8,Cropland,2.0898457674358895,1.6939149292717275,2.468921076481962,Invertebrate_shannonDiv,continental
9,Cropland,2.7754600642806793,1.9875076955996533,3.5410664182020355,Invertebrate_shannonDiv,continental
Unprotected,Cropland,2.2236081655544737,2.13406538281356,2.3142850069198744,Invertebrate_shannonDiv,continental
3,Grassland,2.473963878386513,0.9223078575314503,4.072663086404475,Invertebrate_shannonDiv,continental
5,Grassland,2.766063464726656,1.9788471406917978,3.5516739102091783,Invertebrate_shannonDiv,continental
6,Grassland,2.325363842967306,1.9098987948352715,2.7636811681805966,Invertebrate_shannonDiv,continental
7,Grassland,199122.0192150396,-7550869.103890855,8846056.561663337,Invertebrate_shannonDiv,continental
8,Grassland,2.4242793429587977,2.087915732598276,2.759903804378723,Invertebrate_shannonDiv,continental
9,Grassland,2.7904535073006684,2.1076613101588606,3.5131198246439084,Invertebrate_shannonDiv,continental
Unprotected,Grassland,2.3777737981458245,2.2410552004329816,2.5193120298403073,Invertebrate_shannonDiv,continental
3,Woodland,1.8093606090457506,0.6931122553978639,2.9129395526294957,Invertebrate_shannonDiv,continental
5,Woodland,3.050207934162813,1.9643030121981155,4.198001595625556,Invertebrate_shannonDiv,continental
6,Woodland,2.7800008588223193,2.4232111717454643,3.1324098241705087,Invertebrate_shannonDiv,continental
7,Woodland,2.524621574374568,1.7446366204834476,3.318745017186046,Invertebrate_shannonDiv,continental
8,Woodland,2.6333085185069933,2.2466576512313736,3.0530642763688434,Invertebrate_shannonDiv,continental
9,Woodland,2.2015212100104833,1.4949929611580615,2.8948270039773263,Invertebrate_shannonDiv,continental
Unprotected,Woodland,2.4747442230768684,2.365034498862542,2.5846110567315463,Invertebrate_shannonDiv,continental
3,Cropland,-484.3519141617894,-949.7120619116417,375.76332608469914,Protist_shannonDiv,continental
5,Cropland,4.801288178638925,3.445679854237028,6.203792757180395,Protist_shannonDiv,continental
6,Cropland,4.881321169145593,4.513776877944565,5.25785533275814,Protist_shannonDiv,continental
7,Cropland,4.214660219483278,3.277194091772685,5.192096922041635,Protist_shannonDiv,continental
8,Cropland,4.455302599272613,4.120898598098194,4.7976409564537335,Protist_shannonDiv,continental
9,Cropland,5.317456032314709,4.639043804474454,5.990404056617365,Protist_shannonDiv,continental
Unprotected,Cropland,4.738131625137555,4.659938634313107,4.816657533569241,Protist_shannonDiv,continental
3,Grassland,5.250371083078477,3.913169955035869,6.592437685590312,Protist_shannonDiv,continental
5,Grassland,4.436292513573164,3.749413757008483,5.11086507483526,Protist_shannonDiv,continental
6,Grassland,4.262869341761018,3.8878740062501507,4.637833294581753,Protist_shannonDiv,continental
7,Grassland,-699700.0922254613,-2855980.7459529787,2866703.966184928,Protist_shannonDiv,continental
8,Grassland,4.332736997796005,4.035928504275148,4.6146469344948855,Protist_shannonDiv,continental
9,Grassland,4.335634330487366,3.7347636174369256,4.940392966521415,Protist_shannonDiv,continental
Unprotected,Grassland,4.507306460585397,4.387757514464624,4.6302100816441225,Protist_shannonDiv,continental
3,Woodland,4.285611376611598,3.3676666615414774,5.258846683542032,Protist_shannonDiv,continental
5,Woodland,4.312698091344259,3.3528459263766166,5.277687486818536,Protist_shannonDiv,continental
6,Woodland,4.625968155534451,4.321916402083389,4.9370552349735135,Protist_shannonDiv,continental
7,Woodland,4.398264842511622,3.7321024156201474,5.07780376108758,Protist_shannonDiv,continental
8,Woodland,4.819864840987151,4.477930736729917,5.173954240752153,Protist_shannonDiv,continental
9,Woodland,4.230522190743422,3.6191383149206615,4.8338332845141565,Protist_shannonDiv,continental
Unprotected,Woodland,4.324263653062445,4.228060179258932,4.4195111930699795,Protist_shannonDiv,continental
3,Cropland,-161.5557497514797,-14788.154513538306,6244.906517748069,Ectomycorrhizal_richness,continental
5,Cropland,0.002713358187065751,-29.842131328800406,31.02935503653407,Ectomycorrhizal_richness,continental
6,Cropland,4.276338238040125,-4.51462579334202,12.423751639708598,Ectomycorrhizal_richness,continental
7,Cropland,0.4981322701805766,-20.926873189055186,22.175890074554445,Ectomycorrhizal_richness,continental
8,Cropland,3.028850182745373,-4.666710618717843,10.720847379512634,Ectomycorrhizal_richness,continental
9,Cropland,0.5650562576727225,-14.740580196044903,16.131194316178153,Ectomycorrhizal_richness,continental
Unprotected,Cropland,3.399169808926856,1.5564815108125458,5.197173947610281,Ectomycorrhizal_richness,continental
3,Grassland,-0.14897484869959499,-30.66757591743317,31.063024832814335,Ectomycorrhizal_richness,continental
5,Grassland,6.640563222300273,-8.660435432690974,22.09824500009404,Ectomycorrhizal_richness,continental
6,Grassland,1.3728764065299401,-7.389838317856174,9.701004924889276,Ectomycorrhizal_richness,continental
7,Grassland,-32247895.361439824,-996422531.7145954,140310411.5617535,Ectomycorrhizal_richness,continental
8,Grassland,3.5301759986128616,-2.9624998344279447,10.256396852587386,Ectomycorrhizal_richness,continental
9,Grassland,1.495887976985614,-11.813229876947489,15.495784576950882,Ectomycorrhizal_richness,continental
Unprotected,Grassland,3.5517000482370236,0.8180490066370112,6.346071772379219,Ectomycorrhizal_richness,continental
3,Woodland,24.361137625093647,2.6027123632857183,46.09567283876231,Ectomycorrhizal_richness,continental
5,Woodland,2.0268699031228152,-20.07804997907533,23.496475418582463,Ectomycorrhizal_richness,continental
6,Woodland,11.76542325838966,4.796201443422888,18.949784902268334,Ectomycorrhizal_richness,continental
7,Woodland,28.70856519395639,14.152348465326668,44.905543103759555,Ectomycorrhizal_richness,continental
8,Woodland,27.486228963632584,19.419087379157645,35.43663212262618,Ectomycorrhizal_richness,continental
9,Woodland,6.394163694727013,-7.134430699487893,20.44996486184982,Ectomycorrhizal_richness,continental
Unprotected,Woodland,17.406914164711452,15.200800854788213,19.566294796202783,Ectomycorrhizal_richness,continental
3,Cropland,-1345.87731079973,-4554.443166403191,2938.674436513111,Arbuscularmycorrhizal_richness,continental
5,Cropland,19.00635280686447,7.785764125204935,30.250107829610897,Arbuscularmycorrhizal_richness,continental
6,Cropland,6.132108634415658,2.966395939533868,9.25888579301386,Arbuscularmycorrhizal_richness,continental
7,Cropland,7.526524473460086,-0.6342692285115845,15.3010453606081,Arbuscularmycorrhizal_richness,continental
8,Cropland,4.364653905428895,1.5442507374968955,7.222599540112242,Arbuscularmycorrhizal_richness,continental
9,Cropland,6.247863869628645,0.6247657079852615,11.802333795668574,Arbuscularmycorrhizal_richness,continental
Unprotected,Cropland,5.28732085167735,4.627085255557176,5.929417986861154,Arbuscularmycorrhizal_richness,continental
3,Grassland,6.978931734505068,-4.210227879554282,17.968688469535664,Arbuscularmycorrhizal_richness,continental
5,Grassland,7.457806322164856,1.8783661566576484,13.08075441484516,Arbuscularmycorrhizal_richness,continental
6,Grassland,8.212413006844145,5.185164706624164,11.350853420091426,Arbuscularmycorrhizal_richness,continental
7,Grassland,25832764.48365455,-347296280.3581125,544474998.684544,Arbuscularmycorrhizal_richness,continental
8,Grassland,5.229470175273718,2.827891179763583,7.64287928828584,Arbuscularmycorrhizal_richness,continental
9,Grassland,7.003987707233591,2.0182369005678993,11.952653290444687,Arbuscularmycorrhizal_richness,continental
Unprotected,Grassland,6.671794448510241,5.6974573701759255,7.709168917165243,Arbuscularmycorrhizal_richness,continental
3,Woodland,-0.008751824881301218,-8.138329057029978,7.804250005642643,Arbuscularmycorrhizal_richness,continental
5,Woodland,0.9985888180656275,-6.834592579188865,9.08636846458512,Arbuscularmycorrhizal_richness,continental
6,Woodland,3.271951272685669,0.6939022619728803,5.841306341896598,Arbuscularmycorrhizal_richness,continental
7,Woodland,5.220144893966221,-0.508959673834056,10.765986857943972,Arbuscularmycorrhizal_richness,continental
8,Woodland,3.1834330317769854,0.2625212991758872,6.099684797392001,Arbuscularmycorrhizal_richness,continental
9,Woodland,3.2020571138938294,-1.8352202575962338,8.249474786930477,Arbuscularmycorrhizal_richness,continental
Unprotected,Woodland,3.4898148282630075,2.703414437963829,4.3111062821914174,Arbuscularmycorrhizal_richness,continental
3,Cropland,-10851.658979924428,-25274.97119124749,21997.19495436545,Decomposer_richness,continental
5,Cropland,25.92625523090919,-26.91749394990984,77.61588196329467,Decomposer_richness,continental
6,Cropland,35.05930741184011,20.575416811371724,49.18847147489578,Decomposer_richness,continental
7,Cropland,18.580225512107518,-19.72707727859415,54.49679518524499,Decomposer_richness,continental
8,Cropland,15.951623624270724,3.0260428573183162,29.16477194131039,Decomposer_richness,continental
9,Cropland,27.42611116629223,0.38125962393314694,52.50063832645537,Decomposer_richness,continental
Unprotected,Cropland,20.550382043516265,17.5751349948805,23.57793564133317,Decomposer_richness,continental
3,Grassland,14.929645393158353,-38.23760891072379,66.3493850219802,Decomposer_richness,continental
5,Grassland,32.745265574652876,6.441169107903988,58.574415844072064,Decomposer_richness,continental
6,Grassland,20.775501739819447,6.579585630028305,35.42969878028089,Decomposer_richness,continental
7,Grassland,-21464479.92480298,-629733409.8675271,703742986.0441607,Decomposer_richness,continental
8,Grassland,19.02420597714854,8.061279555815418,30.28482630817598,Decomposer_richness,continental
9,Grassland,16.96770314063542,-7.104386983690347,39.90882269743406,Decomposer_richness,continental
Unprotected,Grassland,17.99249812062442,13.441152236198832,22.747556864022044,Decomposer_richness,continental
3,Woodland,18.96561301564816,-17.325390530842924,56.70860054080913,Decomposer_richness,continental
5,Woodland,15.437380627216953,-21.94669806292586,51.9017794189196,Decomposer_richness,continental
6,Woodland,23.05599766951127,10.59195583150722,34.591940144648106,Decomposer_richness,continental
7,Woodland,43.69821559768479,18.544141316035166,70.674629778292,Decomposer_richness,continental
8,Woodland,31.413862477125804,18.18246212171107,44.98546576750027,Decomposer_richness,continental
9,Woodland,17.042454102106603,-6.371580718396217,40.192059179122225,Decomposer_richness,continental
Unprotected,Woodland,33.5255168182494,29.846461513690883,37.136665067832894,Decomposer_richness,continental
3,Cropland,-1.6580852372940278,-9.807331856872695,6.965034244300128,Bac_JaccDist_av,continental
5,Cropland,0.850107804062981,0.811277838744593,0.8907232327562014,Bac_JaccDist_av,continental
6,Cropland,0.8284672606338377,0.8179148673022131,0.8399392991503891,Bac_JaccDist_av,continental
7,Cropland,0.8390225424323603,0.81150733661052,0.8669032321469974,Bac_JaccDist_av,continental
8,Cropland,0.8469361015591766,0.8370211049807061,0.8568178266367437,Bac_JaccDist_av,continental
9,Cropland,0.8430836518760767,0.8230165501017792,0.8623718997077248,Bac_JaccDist_av,continental
Unprotected,Cropland,0.8352112254287509,0.8330066807838596,0.837536651787393,Bac_JaccDist_av,continental
3,Grassland,0.8328135577069353,0.7929786087605439,0.871533597845402,Bac_JaccDist_av,continental
5,Grassland,0.8416076631727412,0.8224659039789568,0.8616373776134614,Bac_JaccDist_av,continental
6,Grassland,0.8354877969268706,0.8244138814366675,0.8461668383830583,Bac_JaccDist_av,continental
7,Grassland,-10696.823247171847,-388492.719941117,480487.79190937744,Bac_JaccDist_av,continental
8,Grassland,0.8395273183225925,0.8309522353670928,0.8477927459528325,Bac_JaccDist_av,continental
9,Grassland,0.8414417527112654,0.823523019038247,0.8588990194335304,Bac_JaccDist_av,continental
Unprotected,Grassland,0.8361208207269997,0.8325873403016804,0.8396850562513745,Bac_JaccDist_av,continental
3,Woodland,0.82406066186264,0.7956577479730136,0.8514538824542882,Bac_JaccDist_av,continental
5,Woodland,0.8627114639483076,0.835755177038866,0.891585607804388,Bac_JaccDist_av,continental
6,Woodland,0.8569502630589626,0.8477927374150465,0.8659555617114085,Bac_JaccDist_av,continental
7,Woodland,0.8388657006099349,0.8192624785067855,0.8587931740232007,Bac_JaccDist_av,continental
8,Woodland,0.8387087469931358,0.828756168520937,0.8489868410059511,Bac_JaccDist_av,continental
9,Woodland,0.8580252387964609,0.8402330046004811,0.8754165173737127,Bac_JaccDist_av,continental
Unprotected,Woodland,0.8628500552790799,0.8600729909776428,0.865674225359399,Bac_JaccDist_av,continental
3,Cropland,2.8855338753134747,-5.532479447686676,12.943110025706988,Fungi_JaccDist_av,continental
5,Cropland,0.9525448906486325,0.9303399508939885,0.9735581629708951,Fungi_JaccDist_av,continental
6,Cropland,0.9467568325655743,0.9406335417447753,0.952676080876552,Fungi_JaccDist_av,continental
7,Cropland,0.9554727079381076,0.9403314045173774,0.9711334421034947,Fungi_JaccDist_av,continental
8,Cropland,0.9546543506272954,0.9492883151939545,0.9602791637318018,Fungi_JaccDist_av,continental
9,Cropland,0.943211890347263,0.9324745961497334,0.9545526270540865,Fungi_JaccDist_av,continental
Unprotected,Cropland,0.9524408330881313,0.9511792198122544,0.9537263285057431,Fungi_JaccDist_av,continental
3,Grassland,0.9354415413097272,0.9133822930569124,0.957148346820578,Fungi_JaccDist_av,continental
5,Grassland,0.9602087640407984,0.9493975109423445,0.9712294026084249,Fungi_JaccDist_av,continental
6,Grassland,0.9646137458356145,0.9584866788587714,0.9706566701745,Fungi_JaccDist_av,continental
7,Grassland,-75500.59857969066,-448245.6991472734,47110.67580267851,Fungi_JaccDist_av,continental
8,Grassland,0.9569693006370177,0.9523571645143553,0.961634435745796,Fungi_JaccDist_av,continental
9,Grassland,0.9527095268234287,0.9431554523762998,0.9624981157457166,Fungi_JaccDist_av,continental
Unprotected,Grassland,0.9568002450630424,0.9548308074467515,0.9587377912817792,Fungi_JaccDist_av,continental
3,Woodland,0.9688959824578385,0.9533533921591779,0.9842141626285956,Fungi_JaccDist_av,continental
5,Woodland,0.9541697119550596,0.9391846574585276,0.9700683916271302,Fungi_JaccDist_av,continental
6,Woodland,0.9560645787226107,0.9510122935586753,0.9609840137401893,Fungi_JaccDist_av,continental
7,Woodland,0.9639028662977019,0.9528884407035925,0.9746162343797558,Fungi_JaccDist_av,continental
8,Woodland,0.9541684326460294,0.9485267671949902,0.9597372183659666,Fungi_JaccDist_av,continental
9,Woodland,0.9565088453670356,0.946646835965673,0.9660815356643495,Fungi_JaccDist_av,continental
Unprotected,Woodland,0.9613230694126579,0.9597371698302357,0.9628437199662137,Fungi_JaccDist_av,continental
3,Cropland,-1.1014487092034961,-4.045490984734773,4.620560274859673,Protist_JaccDist_av,continental
5,Cropland,0.9624548982940209,0.9477805492942373,0.9778925057138017,Protist_JaccDist_av,continental
6,Cropland,0.9702670050559534,0.9659842080058363,0.9743801550224633,Protist_JaccDist_av,continental
7,Cropland,0.9793901942671848,0.9687999408334653,0.990209120533204,Protist_JaccDist_av,continental
8,Cropland,0.9722546067114028,0.9685095203344036,0.97604186710655,Protist_JaccDist_av,continental
9,Cropland,0.9680317448341311,0.9603491346661257,0.9754896597540326,Protist_JaccDist_av,continental
Unprotected,Cropland,0.9710007690692117,0.9701170098077552,0.9718813704751366,Protist_JaccDist_av,continental
3,Grassland,0.9623420165092996,0.9465107826420676,0.9770879715012504,Protist_JaccDist_av,continental
5,Grassland,0.9748654570756212,0.9672686208611498,0.9824492019217623,Protist_JaccDist_av,continental
6,Grassland,0.9788833072592771,0.9746576942607974,0.9831030750190335,Protist_JaccDist_av,continental
7,Grassland,-65488.42166958618,-492505.4494323794,218944.72043691287,Protist_JaccDist_av,continental
8,Grassland,0.9751489207476877,0.9719072104548565,0.978355387499215,Protist_JaccDist_av,continental
9,Grassland,0.9715393661040364,0.9646565632366717,0.9782670786175696,Protist_JaccDist_av,continental
Unprotected,Grassland,0.9739842930318674,0.972601994214678,0.9753366075393761,Protist_JaccDist_av,continental
3,Woodland,0.9797448818368439,0.9692043472502478,0.9906450046644957,Protist_JaccDist_av,continental
5,Woodland,0.9705134028884841,0.9594849342488119,0.9808460240280423,Protist_JaccDist_av,continental
6,Woodland,0.9747047423667582,0.9712132673037881,0.9781634888568771,Protist_JaccDist_av,continental
7,Woodland,0.9742486757980677,0.9666035188525196,0.9817645922089406,Protist_JaccDist_av,continental
8,Woodland,0.9715328203945501,0.9676156804174488,0.9754783144138868,Protist_JaccDist_av,continental
9,Woodland,0.974767595538606,0.9679871037202727,0.9815014699371565,Protist_JaccDist_av,continental
Unprotected,Woodland,0.9758703877277387,0.9747720344220863,0.9769339733390412,Protist_JaccDist_av,continental
3,Cropland,2.681226801373213,-3.129423440359862,5.495996463316006,Invertebrate_JaccDist_av,continental
5,Cropland,0.9786234397811229,0.9662043653247179,0.9909404465798617,Invertebrate_JaccDist_av,continental
6,Cropland,0.9766680688084809,0.9732762058149245,0.9801560653092514,Invertebrate_JaccDist_av,continental
7,Cropland,0.9822009958395546,0.9734787920784314,0.9908512932034812,Invertebrate_JaccDist_av,continental
8,Cropland,0.9798859175666109,0.9767983617139864,0.9830185212687443,Invertebrate_JaccDist_av,continental
9,Cropland,0.9734809219495499,0.9670803328110225,0.9795533983785782,Invertebrate_JaccDist_av,continental
Unprotected,Cropland,0.9797876598482627,0.9790864505223453,0.9805143947845552,Invertebrate_JaccDist_av,continental
3,Grassland,0.9842575233626062,0.972143240990939,0.9970632058599991,Invertebrate_JaccDist_av,continental
5,Grassland,0.9802427717422406,0.9741868342107924,0.9865484216180698,Invertebrate_JaccDist_av,continental
6,Grassland,0.9798585091240506,0.976401055316122,0.9832411542325881,Invertebrate_JaccDist_av,continental
7,Grassland,11595.919201696212,-15081.564151565488,254691.84209894345,Invertebrate_JaccDist_av,continental
8,Grassland,0.983021737680221,0.9803794951936622,0.9856182724997815,Invertebrate_JaccDist_av,continental
9,Grassland,0.9749450031927234,0.9694864555860807,0.980632735700866,Invertebrate_JaccDist_av,continental
Unprotected,Grassland,0.9812152253355102,0.9801461878275202,0.9823559867663797,Invertebrate_JaccDist_av,continental
3,Woodland,0.9832480605422589,0.9743868513561953,0.9919586017985833,Invertebrate_JaccDist_av,continental
5,Woodland,0.9873143293337697,0.9785159995242161,0.9959656572157649,Invertebrate_JaccDist_av,continental
6,Woodland,0.9813697168305927,0.9786171298201696,0.984244995809052,Invertebrate_JaccDist_av,continental
7,Woodland,0.9783547642566651,0.9720990228689832,0.9844139851664515,Invertebrate_JaccDist_av,continental
8,Woodland,0.98003553743442,0.9768540824638041,0.9832460362612512,Invertebrate_JaccDist_av,continental
9,Woodland,0.9803677942117359,0.9747522605201,0.9858807008652535,Invertebrate_JaccDist_av,continental
Unprotected,Woodland,0.9815348798877559,0.9806317645987748,0.9823971297868779,Invertebrate_JaccDist_av,continental
